dewtemp,MSL,Q_1000,Q_850,Q_925,R_1000,R_850,R_925,T_1000,T_850,T_925,temperature,uv_10m,time,visia
10.55,1027.83,7.39,6.01,5.65,92.02,99.18,82.12,10.7,4.19,7.26,12.67,1.79,2015110111,2153
10.01,1025.54,7.19,5.97,5.75,84.25,98.75,83.07,11.64,4.17,7.37,13.39,1.38,2015110114,2662
10.97,1025.79,7.13,5.58,6.3,80.41,98.77,93.85,12.24,3.28,6.96,13.4,0.54,2015110117,3918
10.47,1026.99,6.86,4.34,5.37,79.27,82.44,78.57,11.8,2.17,7.17,12.25,0.98,2015110120,5146
8.98,1026.82,6.58,3.25,4.6,75.07,62.26,67.91,12.12,1.98,7.02,9.91,1.85,2015110123,3776
8.03,1026.24,5.94,3.3,3.97,68.69,67.43,58.81,11.98,1.17,6.96,8.67,1.93,2015110202,2942
6.72,1026.29,5.3,3.21,3.67,62.25,66.5,55.31,11.68,0.99,6.81,7.31,2.05,2015110205,2149
8.73,1027.91,5.16,3.02,4.19,62.07,60.88,64.98,11.04,1.32,6.4,11.22,1.54,2015110208,2924
5.81,1027.13,4.81,2.38,4.67,50.45,41.98,69.73,13.3,3.16,6.91,16.09,2.17,2015110211,6282
6.03,1025.11,4.95,3.6,4.85,46.13,62.69,64.37,15.1,3.26,8.65,17.41,2.15,2015110214,8959
8.39,1025.25,5.19,2.94,4.99,48.09,47.53,64.83,15.17,4.73,8.91,13.71,2.16,2015110217,7193
7.45,1026.7,5.06,1.85,4.96,50.28,29.22,66.01,14.2,5.27,8.56,11.01,2.74,2015110220,4845
7.19,1027.26,5.06,1.15,4.89,52.81,15.77,66.8,13.5,7.01,8.15,11.8,1.72,2015110223,3230
7.55,1026.53,5.25,0.78,4.56,57.72,9.53,64.13,12.76,8.44,7.64,10.89,0.46,2015110302,2269
7.76,1026.31,5.37,0.67,5.17,60.7,7.54,74.15,12.25,9.43,7.45,10.11,0.19,2015110305,1389
8.61,1028.03,5.77,0.98,4.31,70.17,11.08,58.42,11.15,9.63,8.25,10.84,0.37,2015110308,1923
9.5,1027.47,6.43,1.22,5.48,63.22,13.85,69.22,14.26,9.59,9.3,17.13,2.47,2015110311,3373
10.5,1025.26,6.86,1.83,6.75,55.94,21.21,77.64,17.28,9.53,10.77,19.5,3.15,2015110314,2862
11.36,1024.76,7.21,3.2,6.76,56.06,37.86,71.18,18,9.35,12.06,16.36,2.19,2015110317,3241
10.74,1025.93,7.4,5.33,7.08,63.69,58.43,78.83,16.41,10.13,11.22,13.37,2.79,2015110320,2328
10.15,1025.51,7.38,6.75,6.75,66.36,76.48,71.37,15.79,9.72,12.01,12.52,2.05,2015110323,1349
10.46,1024.49,7.44,7.86,7.22,69.39,81.18,72.18,15.29,11.11,12.84,12.29,1.41,2015110402,1485
10.83,1024.38,7.54,8.3,7.75,71.99,88.47,76.89,14.94,10.6,12.96,12.19,1,2015110405,1292
12.18,1025.25,8.15,9.3,8.34,80.06,94.19,79.3,14.45,11.34,13.57,13.9,1.38,2015110408,1045
13.49,1024.55,8.77,9.14,8.64,83.19,92.7,79.11,14.83,11.28,14.15,15.68,0.94,2015110411,988
14.83,1022.66,9.93,9.32,9.14,81.1,95.32,82.59,17.16,11.21,14.39,18.81,1.42,2015110414,648
15.48,1022.01,10.27,9.46,9.39,86.75,93.71,81.9,16.64,11.67,14.92,16.78,1.3,2015110417,915
14.31,1022.95,10.09,9.8,10.04,88.5,93.45,86.26,16.12,12.25,15.13,14.63,1.42,2015110420,846
14.46,1022.9,10.08,10.04,10.56,85.29,95.5,89.33,16.74,12.3,15.41,14.81,0.74,2015110423,1199
14.3,1021.85,10.12,10.08,9.94,84.95,92.79,80.41,16.83,12.78,16.12,14.69,0.61,2015110502,1304
14.02,1021.12,10.21,9.92,10.39,87.03,88.13,81.67,16.48,13.37,16.56,14.27,0.42,2015110505,1408
15.02,1022.42,10.71,10,10.94,93.75,84.88,87,16.11,14.04,16.4,15.5,1.25,2015110508,1013
17.77,1021.49,12.04,10.57,10.58,88.24,93.89,82.97,18.82,13.37,16.63,20.83,0.9,2015110511,3731
18.25,1018.91,12.3,10.5,11.29,76.23,89.63,88.62,21.58,13.94,16.58,22.81,1.02,2015110514,6875
18.03,1019.02,12.49,10.77,11.93,79.94,90.13,90.24,21.03,14.19,17.17,20.87,2.03,2015110517,1939
17.43,1019.06,12.58,10.41,12.13,84.18,84.5,85.95,20.48,14.72,18.18,18.53,1.96,2015110520,2381
17.43,1019.44,12.53,10.66,11.82,86.85,87.52,84.98,19.9,14.56,17.93,18.41,1.36,2015110523,1863
16.82,1018.55,12.26,10.37,12.35,88.74,82.8,89.59,19.53,14.87,17.81,17.55,1.99,2015110602,1098
16.61,1018.18,12.07,11.6,12.12,89.92,94.3,89.49,19.28,14.63,17.53,17.26,1.75,2015110605,579
18.19,1019.61,12.49,10.78,12.68,87.18,86.89,88.18,19.64,14.71,18.48,19.75,1.83,2015110608,989
20.12,1018.67,13.78,10.3,13.27,75.38,79.66,93.13,23.57,15.45,18.28,25.32,3.47,2015110611,4086
19.84,1015.9,13.49,10.12,13.07,61.94,76.1,83.17,26.4,15.92,19.88,27.46,4.02,2015110614,24000
20.43,1015.53,14.47,9.9,13.56,70.74,72.74,86.01,25.55,16.26,19.98,24.59,2.38,2015110617,17555
19.98,1016.11,14.43,8.13,13.03,79.85,56.72,77.2,23.82,17.15,21.03,22.38,2.91,2015110620,16531
19.76,1016.9,14.3,8.35,12.57,84.77,59.37,75.96,22.66,16.8,20.72,21.28,2.42,2015110623,22786
19.09,1016.82,14.16,10.55,12.19,85.33,78.96,75.36,22.33,15.94,20.34,20.14,1.87,2015110702,13009
18.96,1016.71,14.03,10.87,12.09,87.02,79.77,74.64,21.96,16.36,20.39,19.76,1.71,2015110705,8368
20.5,1017.17,14.46,10.97,12.51,86.98,82.7,76.16,22.25,15.94,20.6,22.23,1.21,2015110708,8325
21.58,1016.88,15.27,11.15,13.22,77.32,83.25,82.67,24.81,16.08,20.11,26.3,1.18,2015110711,11725
20.4,1015.84,14.75,11.54,14.35,84.62,86.6,90.5,22.72,15.96,20,23.52,3.58,2015110714,4535
16,1017.24,11.9,11.82,14.2,85.77,89.61,97.91,18.94,15.75,18.54,19.48,4.16,2015110717,2271
12.95,1019.61,9.16,11.63,13.52,86.71,86.75,98.67,14.79,16.03,17.6,15.51,3.06,2015110720,3737
11.93,1020.71,8.59,11.63,12.7,91.88,89.05,99.34,13.01,15.59,16.51,14.1,2.88,2015110723,3073
10.82,1020.77,8.03,12.02,11.47,89.21,95.69,98.93,12.37,14.96,14.96,13.6,2.31,2015110802,4776
10.42,1020.84,7.71,12.26,10.64,88.61,99.36,99.54,11.82,14.7,13.73,12.99,2.5,2015110805,2363
10.39,1021.88,7.63,12.22,10.71,95.4,99.93,98.01,10.59,14.53,14,11.79,3.06,2015110808,3994
11.04,1021.37,7.9,12.14,10.1,92.87,99.22,97.38,11.54,14.56,13.31,13.29,2.51,2015110811,3546
10.68,1020.56,7.8,11.68,9.25,93.48,97,99.33,11.27,14.34,11.7,12.5,3.39,2015110814,4311
10.49,1020.85,7.65,9,8.81,96.13,78.32,97.16,10.63,13.52,11.18,11.81,3.15,2015110817,4109
9.82,1022.77,7.29,9.96,7.86,95.59,87.47,98.72,9.88,13.54,9.39,11.13,3.49,2015110820,8103
9.54,1023.43,7.03,9.22,7.19,94.81,95.5,98.36,9.44,11.02,8.12,10.91,3.36,2015110823,2441
9.08,1023.1,6.88,8.69,6.74,93.08,97.81,98.66,9.38,9.66,7.2,10.84,4.04,2015110902,4532
8.58,1023.37,6.7,8.13,6.39,91.64,97.26,97.82,9.18,8.77,6.52,10.68,3.63,2015110905,18906
8.41,1025.52,6.52,7.26,5.97,91.97,96.61,97.86,8.79,7.3,5.53,10.42,3.9,2015110908,7726
8.15,1025.96,6.34,6.23,5.85,82.36,82.7,99.69,10.06,7.3,4.9,12.2,4.37,2015110911,4680
7.83,1024.27,6.18,4.9,6.02,73.62,63.92,99.53,11.36,7.57,5.36,13.31,4.39,2015110914,9112
7.09,1025.34,6.01,2.81,5.8,73.82,35.74,99.59,10.87,8.02,4.87,12.35,3.47,2015110917,6438
7.37,1027.27,5.9,2.63,5.38,77.35,36.09,97.81,9.89,6.68,4.06,11.43,2.18,2015110920,5361
7.2,1027.24,5.76,1.45,5.54,75.95,19.43,96.12,9.82,6.96,4.79,10.92,2.08,2015110923,6918
7.1,1026.82,5.86,0.61,5.39,79.18,7.25,96.09,9.49,8.46,4.37,10.82,2.63,2015111002,5953
7.34,1026.58,5.91,0.68,5,82.8,8.38,92.17,8.98,7.52,3.85,10.29,2.15,2015111005,5775
7.77,1028.72,6.06,0.64,4.47,87.74,7.9,83.03,8.48,7.55,3.75,10.58,2.19,2015111008,3527
6.65,1028.02,5.28,0.49,5.02,63.81,6.25,84.97,11.17,7.75,5.05,13.96,3.4,2015111011,4212
6.3,1025.28,5.22,0.88,5.14,56.14,12.25,78.51,12.9,6.76,6.52,15.18,3.11,2015111014,5738
6.92,1024.96,5.48,1.69,5.3,58.12,26.92,79.16,13.09,6.04,6.87,13.72,1.82,2015111017,4870
8.03,1026,5.62,1.26,5.24,61.49,17.6,78.54,12.69,7.12,6.87,12.19,1.73,2015111020,3892
7.93,1026.17,5.89,2.23,5.24,66.91,31.13,79.11,12.21,6.73,6.84,10.63,2.08,2015111023,3372
7.46,1025.26,5.91,2.97,5.53,70.48,41.28,82.77,11.33,6.64,6.88,10.08,2.01,2015111102,3321
7.42,1025.74,6,3.78,5.91,76.71,57.78,88.96,10.24,5.21,6.77,9.69,1.79,2015111105,8345
8.71,1026.84,6.36,5.18,6.23,79.19,81.59,89.7,10.66,4.71,7.38,12.02,1.97,2015111108,6594
9.91,1026.7,7.03,5.49,6.6,74.42,87.19,93.42,13.16,4.67,7.68,16.09,3.41,2015111111,9272
10.32,1024.56,7.11,5.9,6.72,67.86,91.74,87.68,14.74,5.05,8.76,16.16,3.47,2015111114,8122
10.86,1025.45,7.48,6.04,6.49,74.77,95.29,83.43,14.05,4.8,9.06,14.86,3.14,2015111117,5322
11.56,1026.05,7.92,6.53,6.78,83.83,96.96,88.18,13.19,5.71,8.9,13.98,2.42,2015111120,2273
11.24,1026.74,7.82,6.72,6.82,84.76,96.4,89.2,12.76,6.17,8.85,13.69,1.98,2015111123,1126
11.08,1025.79,7.8,6.91,6.93,86.33,97.76,91.53,12.39,6.36,8.68,13.32,2.01,2015111202,1491
10.73,1025.1,7.65,7.32,7.05,86.4,98.41,92.4,12.07,7.13,8.78,12.99,1.99,2015111205,1783
11.88,1025.76,7.94,7.67,7.4,89.97,95.49,92.34,12.07,8.3,9.49,13.09,1.56,2015111208,1390
12.49,1025.63,8.35,7.62,7.38,91.24,95.35,88.87,12.67,8.23,10.05,14.3,1.32,2015111211,2651
12.92,1023.24,8.6,7.92,7.43,91.03,93.2,85.6,13.17,9.14,10.73,14.46,1.03,2015111214,2568
12.93,1022.45,8.74,8.28,7.95,91.13,94.33,90.72,13.36,9.56,10.88,14.02,1.2,2015111217,1654
12.99,1021.61,8.74,8.74,8.26,92.92,90.55,86.64,13.11,10.99,12.13,13.68,1,2015111220,1275
13.06,1020.66,8.85,9.02,8.56,93.88,98.36,87.13,13.11,10.22,12.57,13.54,0.48,2015111223,1062
12.91,1019.15,8.81,9.2,8.77,93.79,99.87,91.44,13.08,10.3,12.15,13.42,1.59,2015111302,2393
12.79,1018.11,8.73,9.04,9.07,92.16,98.87,95.08,13.34,10.17,12.09,13.52,0.98,2015111305,6278
13.26,1019.16,9.06,8.67,8.77,93.87,97.4,97.32,13.5,9.73,11.22,14.13,1.36,2015111308,7804
12.95,1019.42,8.92,8.33,8.3,82.71,97.94,95.95,15.14,9.1,10.61,16.24,2.55,2015111311,10806
12.83,1017.93,8.85,7.7,8.3,79.87,94.13,98.54,15.56,8.53,10.26,16.5,2.43,2015111314,15785
12.32,1017.52,8.65,7.04,7.94,81.62,81.7,93.33,14.96,9.34,10.46,15.14,1.74,2015111317,14877
11.63,1018.67,8.25,7.11,7.6,81.64,87.99,89.37,14.17,8.35,10.45,13.88,1.7,2015111320,11240
11.06,1018.68,8.04,7.19,7.38,84.91,89.64,87.9,13.15,8.22,10.22,13.25,1.65,2015111323,7339
10.82,1018.6,7.86,7.35,7.11,86.24,91.2,88.67,12.63,8.3,9.59,12.65,1.55,2015111402,3446
10.15,1018.78,7.55,7.16,6.96,88.47,97.68,93.22,11.63,6.92,8.54,11.96,2.42,2015111405,1922
10.06,1020.12,7.43,7.06,7.04,86.02,97.49,92.57,11.75,6.75,8.75,12.81,0.84,2015111408,2480
10.18,1019.99,7.47,7.05,7.11,81.08,95.36,93.8,12.74,7.03,8.67,14.29,0.98,2015111411,3137
10.34,1017.98,7.59,7.11,7.43,74.46,94.57,97.54,14.19,7.32,8.69,15.7,0.64,2015111414,4324
11.28,1018.15,7.74,6.74,7.77,74.95,89.5,94.27,14.41,7.35,9.93,15.01,0.66,2015111417,3349
11.3,1019.73,7.85,6.67,8.02,77.18,90.67,93.03,14.27,7.09,10.59,14.65,0.73,2015111420,2906
11.33,1020.43,7.76,6.05,7.76,76.99,73.25,92.27,14.1,8.7,10.18,14.25,0.9,2015111423,2307
10.49,1019.87,7.78,5.83,7.73,80.42,64.42,90.39,13.56,10.09,10.44,12.1,2.03,2015111502,2293
10.68,1019.83,7.75,6.34,7.92,81.66,71.25,89.81,13.22,9.86,10.95,12.48,1.06,2015111505,1653
12.05,1020.71,8.12,6.84,8.56,85.31,70.91,87.9,13.26,11.12,12.43,13.87,0.86,2015111508,1698
13.65,1020.21,9.16,7.53,9.47,79.86,78.04,96.19,16.11,11.03,12.56,17.8,1.39,2015111511,2815
14.8,1017.81,9.86,8.24,9.67,69.88,84.86,94.68,19.4,11.13,13.19,20.53,2.23,2015111514,3294
14.89,1017.18,10.49,8.82,9.85,78.89,92.11,86.05,18.61,10.96,14.91,18.06,3.11,2015111517,3218
14.28,1016.71,10.4,8.68,9.83,84.66,75.94,79.05,17.81,13.62,16.25,15.41,1.8,2015111520,1617
14.26,1015.98,10.23,8.5,9.42,82.75,73.88,75.38,17.69,13.65,16.26,15.62,1.54,2015111523,1126
14.81,1014.78,10.37,8.11,9.68,83,72.25,72.75,17.69,13.31,17.25,16.81,3.46,2015111602,549
15.09,1014.7,10.53,9.63,9.95,85.16,87.25,81.06,17.65,13.06,15.97,16.62,2.22,2015111605,900
16.34,1015.89,11.1,10.07,10.5,87.75,90,84.25,17.89,13.2,16.15,17.53,1.14,2015111608,892
17.39,1016.02,11.69,9.7,11.17,77.69,94.5,97.04,20.34,11.92,14.93,21.58,2.16,2015111611,3043
17.41,1014.2,12.02,10.07,11.36,82.38,99.5,95.38,20.02,11.75,15.49,20.1,3.73,2015111614,2337
16.16,1015.36,11.3,10.13,11.24,90.62,99.13,100.07,17.31,11.82,14.57,17.97,2.19,2015111617,1898
15.37,1016.96,10.71,10.11,10.43,94.97,95.17,99.89,15.83,12.45,13.47,16.33,2.19,2015111620,1295
14.95,1016.87,10.33,10.41,9.78,96.25,97.13,100,15.09,12.57,12.46,15.7,2.11,2015111623,721
14.82,1016.56,10.3,10.42,9.58,98.38,100,100,14.74,12.04,12.11,15.42,3.22,2015111702,944
14.27,1017.29,9.89,9.14,9.34,98.38,94.63,97.25,14.07,11.02,12.22,14.88,2.54,2015111705,2177
13.77,1019.15,9.53,10.08,8.85,97.75,98.75,99.75,13.6,11.81,10.95,14.49,3.25,2015111708,3761
13.58,1018.31,9.45,9.79,9.18,96,95.25,99.75,13.71,11.93,11.57,15.02,2.74,2015111711,3636
13.87,1017.21,9.56,9.36,9.25,94.76,91.66,100,14.13,11.92,11.62,15.2,2.41,2015111714,2273
14.1,1016.84,9.73,8.87,9.12,95.19,83.04,100.09,14.4,12.56,11.36,15.15,2.45,2015111717,2912
14.2,1016.83,9.85,9.71,9.13,97.13,99.64,99.93,14.3,11.04,11.43,14.92,2.75,2015111720,1239
14.6,1016.57,10.14,8.93,9.7,98.77,95.81,96.92,14.49,10.47,12.82,15.14,2.84,2015111723,4670
14.89,1016.26,10.33,9.22,10,99.14,88.5,99.54,14.69,12.07,12.86,15.29,2.1,2015111802,1800
14.94,1017.12,10.35,9.18,9.9,99,98.25,100,14.69,10.5,12.65,15.32,2.76,2015111805,2067
14.79,1020,10.13,8.72,9.05,98.59,98.75,99.99,14.41,9.63,11.3,15.29,3.34,2015111808,1150
14.37,1020.86,9.7,8.45,8.51,94.63,99.75,100,14.37,9.06,10.37,15.66,3.46,2015111811,1603
13.66,1020.55,9.38,8.23,8.31,92.08,99.63,99.86,14.31,8.66,10.03,15.67,3.13,2015111814,5311
12.95,1022.1,8.94,8.14,8.12,91.65,99.38,99.53,13.63,8.55,9.78,14.8,2.6,2015111817,1373
12.66,1023.29,8.65,7.93,7.87,90.14,98.25,96.24,13.41,8.28,9.82,14.36,2.06,2015111820,2210
12.03,1023.46,8.37,7.92,7.57,90,97.88,97.96,12.87,8.37,8.96,14.09,2.16,2015111823,3905
11.22,1023.11,8,7.94,7.26,88.63,98.26,98.14,12.38,8.4,8.28,13.63,2.39,2015111902,3264
10.82,1022.64,7.67,7.77,7.06,86.63,94.75,93.13,12.11,8.61,8.73,13.22,1.01,2015111905,5890
11.21,1023.18,7.9,8.52,8.01,89.38,95.13,90.13,12.09,9.87,11.02,13.53,1,2015111908,3120
11.61,1022.97,8.19,8.84,8.32,89.63,97.63,89.88,12.6,10.08,11.56,14.27,0.97,2015111911,3992
12.37,1021.16,8.64,8.82,8.53,87.22,96.46,94.54,13.86,10.16,11.16,15.42,1.37,2015111914,3431
12.47,1022.35,8.61,8.5,8.41,86.6,97.37,99.35,13.9,9.48,10.28,14.98,1.36,2015111917,3058
12.77,1023,8.67,8.46,8.58,90.2,92.18,99.12,13.33,10.22,10.61,14.3,1.22,2015111920,1728
12.71,1023.26,8.69,8.41,8.47,92.13,95.38,98.88,13.04,9.64,10.47,14.08,1.78,2015111923,1572
12.56,1022.5,8.76,8.35,8.44,94.82,93.89,99.28,12.72,9.75,10.37,13.83,1.53,2015112002,715
12.36,1022.55,8.66,8.25,8.36,95.13,94.92,99.13,12.48,9.36,10.22,13.65,2.13,2015112005,1269
12.39,1023.76,8.65,8.2,8.39,97.01,95.69,99.59,12.2,9.19,10.28,13.52,1.92,2015112008,2263
12.75,1023.88,8.9,8.28,8.52,96.88,96.13,99.13,12.7,9.32,10.5,14.39,2.27,2015112011,4722
12.82,1022.56,8.88,8.3,8.51,98.08,96.13,100.13,12.49,9.34,10.39,13.79,2.93,2015112014,2405
12.89,1023.35,8.82,8.54,8.6,96.65,95.51,99.8,12.6,9.81,10.54,13.75,1.48,2015112017,1741
12.87,1024.21,8.75,9.17,8.73,94.5,99.23,99.77,12.79,10.4,10.77,13.7,2.1,2015112020,1510
12.79,1024.4,8.75,9.11,8.61,94.97,99.17,99.8,12.69,10.26,10.55,13.63,2.2,2015112023,2433
12.84,1023.43,8.79,9.04,8.94,94.88,99.88,100,12.81,9.96,11.11,13.64,1.47,2015112102,1120
13.25,1022.87,9.11,9.09,9.35,96.38,99.75,100,13.18,10.1,11.78,14.05,0.94,2015112105,1246
13.67,1024.36,9.3,9.35,9.67,98,99.75,99.75,13.21,10.58,12.31,14.24,1.24,2015112108,1121
14.34,1023.72,9.83,9.3,10.06,97.93,97.19,99.37,14.04,10.87,13.03,15.97,0.84,2015112111,1394
14.96,1021.71,10.25,9.22,10.16,94.37,94.43,97.72,15.31,11.17,13.34,16.95,0.8,2015112114,879
15.59,1022.12,10.63,7.85,10.23,96.65,76.2,98.25,15.49,11.91,13.47,16.36,0.9,2015112117,1292
15.11,1023.59,10.36,9.39,10.17,99.83,95.7,99.73,14.57,11.24,13.13,15.43,1.55,2015112120,2334
15.08,1023.28,10.43,9.5,10.38,100,96.75,99.14,14.71,11.25,13.51,15.3,0.57,2015112123,753
15.18,1022.56,10.5,9.71,10.54,99.88,99.75,100,14.82,11.09,13.57,15.29,1.13,2015112202,1665
15.24,1021.96,10.59,9.5,10.56,99.81,99.35,100.08,14.93,10.87,13.62,15.3,0.56,2015112205,1949
15.93,1023.16,10.83,9.31,10.59,100.12,99.17,99.85,15.26,10.56,13.69,16.02,0.52,2015112208,625
17.72,1023.02,11.48,9.21,10.24,99.1,97,92.22,16.14,10.72,14.35,18,0.34,2015112211,226
17.99,1020.64,11.9,9,10.33,93.03,91.5,88.89,17.88,11.27,15.04,19.44,0.6,2015112214,301
17.49,1020.87,11.89,8.76,10.65,90,86.25,98.75,18.37,11.77,13.86,18.91,1.04,2015112217,1483
16.99,1022.08,12.06,8.46,10.49,93.74,82.68,94.66,17.97,11.9,14.38,17.45,1.61,2015112220,1823
16.59,1022.59,11.9,9.15,10.58,95.41,97.37,96.31,17.48,10.62,14.21,16.76,0.48,2015112223,1835
16.53,1021.84,11.49,9.01,10.37,97.71,97.53,95.18,16.55,10.36,14.08,17,2.39,2015112302,1997
15.45,1022.13,10.68,9.1,9.99,96.09,98.23,98.99,15.62,10.39,12.94,16.41,3.68,2015112305,1204
15.39,1023.56,10.5,8.08,8.97,98.07,91.03,93.12,15,9.77,12.21,16.21,3.03,2015112308,6954
14.94,1024.34,10.02,7.01,8.61,95.63,79.25,95.7,14.67,9.67,11.17,16.78,4.13,2015112311,10877
14.04,1023.16,9.57,6.33,8.03,89.67,72,92.36,14.93,9.62,10.7,16.82,4.56,2015112314,5912
13.4,1023.3,9.27,6.27,8.41,88.48,71.88,99.69,14.69,9.46,10.33,16.09,3.45,2015112317,2428
13.08,1024.77,9.02,6.3,7.99,93,83.63,99.88,13.51,7.28,9.47,15.04,3.45,2015112320,4110
11.9,1024.86,8.43,6.37,7.58,87.63,92,99.13,13.36,6.14,8.81,14.69,3.14,2015112323,3524
12.11,1025.05,8.49,6.24,7.62,90.75,97.5,99.63,12.99,4.96,8.78,14.34,3.19,2015112402,4866
11.23,1024.42,8.08,6.13,7.57,88.63,97.63,99.5,12.56,4.68,8.75,13.97,3.61,2015112405,4094
11.52,1025.15,8,6.68,7.57,88,99.88,99.63,12.54,5.59,8.67,13.9,3.04,2015112408,3118
11.26,1024.36,7.92,6.87,7.43,86.38,99.75,100,12.66,6.02,8.36,14.4,3.6,2015112411,4597
12.06,1022.47,8.13,6.89,7.47,83.63,100,99.63,13.54,6.04,8.48,14.91,3.04,2015112414,1938
11.53,1023.09,8.05,6.45,7.11,90.63,100,100,12.21,5.1,7.74,13.29,3.83,2015112417,2111
10.81,1023.79,7.63,6.41,6.87,91.13,99.88,100,11.34,5,7.22,12.41,4.25,2015112420,1964
8.63,1025.47,6.59,5.56,5.62,95.5,99.38,99.88,8.45,3.02,4.35,9.98,6.44,2015112423,4096
5.67,1026.49,5.37,5.51,4.91,98.25,99.75,99.75,5.01,2.86,2.44,6.75,6.06,2015112502,15844
4.43,1026.7,4.96,5.27,4.8,97.38,99.88,99.75,3.96,2.21,2.12,5.7,4.85,2015112505,19013
3.54,1027.35,4.68,4.94,4.41,92.63,98.38,98.88,3.85,1.46,1.06,5.57,5.08,2015112508,15953
2.8,1027.55,4.4,4.39,4.04,86,96.5,97.25,4.06,0.11,0.1,6.06,5.33,2015112511,5232
1.67,1026.21,4.11,3.71,3.87,77.75,81.75,99.5,4.52,0.22,-0.82,6.3,4.85,2015112514,16817
1.91,1025.98,4.13,1.22,3.95,73.13,24.75,92,5.56,1.45,0.61,5.95,1.78,2015112517,12445
1.66,1027.84,3.94,2.08,2.57,74.88,47.63,54.88,4.52,-0.33,1.82,4.72,2.87,2015112520,10946
-0.22,1028.89,3.56,2.09,2.88,71.88,66.25,76.38,3.55,-4.48,-1.19,3.83,4.09,2015112523,13566
-1.8,1028.61,3.07,1.05,2.8,68.88,35,90,2.16,-5.08,-3.65,3.53,4.33,2015112602,10681
-3.35,1028.64,2.72,0.28,1.93,65,9.63,64.38,1.17,-4.96,-4.24,2.27,4.44,2015112605,10201
-4.14,1030.69,2.46,0.36,1.24,62.38,13.5,42.19,0.45,-6.43,-4.53,2.41,5.01,2015112608,11119
-5.85,1031.4,1.91,0.44,1.83,43.25,16.88,60.75,2.04,-6.71,-4.1,5.02,5.7,2015112611,17302
-6.62,1029.17,1.78,0.74,1.71,36.63,30.13,51,3.48,-7.36,-2.65,5.95,6.1,2015112614,15375
-7.64,1029.89,1.83,0.73,1.62,39.88,29.75,50.5,2.57,-7.54,-3.26,3.5,4.08,2015112617,13431
-6.45,1031.8,1.97,0.66,1.5,47.13,26.13,47.88,1.3,-7.09,-3.66,2.02,3.5,2015112620,10177
-6.65,1032.21,1.97,0.44,1.07,53.25,14.38,36,-0.37,-4.9,-4.52,0.38,3.07,2015112623,10194
-7.33,1032.05,1.86,0.16,1.12,56,4.75,39.75,-1.87,-3.91,-5.03,-1.27,2.3,2015112702,11890
-7.94,1031.67,1.69,0.13,0.98,55.63,3.25,35.13,-3.08,-2.14,-4.93,-2.56,1.86,2015112705,11553
-7.62,1032.35,1.74,0.18,0.91,55.75,4,31.5,-2.75,-0.63,-3.83,-0.63,0.48,2015112708,10419
-5.51,1032.12,2.04,0.45,0.89,51.75,9.5,26.25,0.56,0.83,-2.1,3.61,0.21,2015112711,9579
-3.98,1029.13,2.33,0.84,1.7,46.98,15.13,43.89,3.79,3.02,-0.89,6.11,0.63,2015112714,13208
-2.36,1028.92,2.5,1.06,2.03,48.25,17.25,45.38,4.32,4.37,0.95,4.68,1.29,2015112717,8994
-1.31,1029.46,2.29,1.2,2.19,43.5,19.5,41.75,4.65,4.44,3.5,3.33,1.83,2015112720,6281
-0.87,1029.41,2.34,1.33,2.18,45.38,19.88,38.25,4.26,5.62,4.67,4.08,1.18,2015112723,5602
-1.22,1029.31,2.32,1.68,2.04,42.38,24.88,34.63,4.92,5.59,5.24,4.77,0.93,2015112802,4991
-0.09,1028.34,2.36,3.1,1.84,41.25,50.13,27,5.64,4.64,6.93,4.93,0.59,2015112805,5216
0.58,1028.92,2.66,4.18,2.9,42.88,68.6,36.75,6.89,4.47,9.26,5.87,1.25,2015112808,5375
2.45,1029.5,3.86,4.13,3.13,52.34,68.04,41.33,9.36,4.24,8.7,11.64,1.48,2015112811,7663
4.29,1026.86,4.48,4.46,3.37,51.33,74.99,44.78,11.94,4.05,8.78,13.76,0.61,2015112814,8967
6.59,1027.35,4.63,4.67,3.83,52.9,78.02,52.46,11.94,4.09,8.06,10.98,1.52,2015112817,5797
6.74,1028.06,4.88,4.84,4.69,65.06,80.63,66.83,9.8,4.13,7.58,9.45,1.08,2015112820,2597
6.96,1028.12,5.07,4.56,4.25,69.97,78.13,60.14,9.23,3.7,7.66,9.02,0.84,2015112823,1635
7.16,1027.93,5.42,4.94,4.98,78.42,84.02,74.08,8.47,3.81,6.9,8.69,0.45,2015112902,1959
7.73,1027.06,5.57,5.21,5.34,80.77,87.73,79.36,8.44,3.89,6.9,8.58,0.17,2015112905,1568
7.92,1027.08,5.79,5.24,5.39,85.56,87.61,81.27,8.26,4.04,6.71,8.76,0.66,2015112908,1318
8.36,1026.98,6.22,5.38,5.39,88.88,90.25,79.75,8.69,3.99,7.03,10.48,0.66,2015112911,2332
8.67,1024.51,6.5,5.54,5.38,84.83,91.16,77.59,10.01,4.25,7.42,11.95,0.62,2015112914,3536
8.54,1025.17,6.6,5.4,5.75,80.72,91.53,83.22,10.96,3.78,7.37,11.61,1.02,2015112917,2810
7.51,1025.73,6.56,5.41,6.03,86.52,86.29,89.11,9.9,4.67,7.05,8.17,1.52,2015112920,2135
6.45,1026.13,6.48,5.05,5.95,84.61,78.83,89.05,10.11,4.97,6.93,6.52,1.15,2015112923,120
5.77,1025.71,6.49,4.6,5.98,85.08,67.34,90.26,10.03,5.88,6.77,5.91,0.98,2015113002,122
5.85,1025.44,6.52,4.61,5.87,87.28,69.91,91.22,9.72,5.39,6.31,5.93,0.9,2015113005,334
7.11,1026.25,6.64,4.8,5.96,94.55,75.33,90.07,8.77,5.07,6.66,7.35,0.5,2015113008,3391
10.02,1025.96,7.03,4.89,5.99,91.18,75.12,88.89,10.04,5.38,7.01,11.59,0.53,2015113011,4692
10.1,1024.02,7.08,5.64,6.36,81.12,86.81,92.74,12,5.24,7.11,13.79,1.78,2015113014,3161
9.61,1023.67,7.19,5.86,6.02,86.79,89.06,85.7,11.16,5.44,7.61,11.8,2.03,2015113017,2135
9.23,1023.68,7.25,6.14,6.32,86.14,91.41,85.49,11.48,5.68,8.34,10.49,1.79,2015113020,1881
9.33,1023.93,7.33,6.37,6.98,87.95,94.11,91.81,11.35,5.8,8.75,10.43,1.14,2015113023,1424
9.43,1023.45,7.47,6.78,6.87,92.37,98.13,87.84,10.91,6.06,9.15,10.07,0.63,2015120102,1567
9.96,1022.68,7.54,7.06,6.81,93.81,99.2,83.85,10.85,6.5,9.7,10.31,0.37,2015120105,1008
10.38,1022.96,7.59,7.16,7.22,92.13,98.13,86.75,11.18,6.87,10.08,10.94,0.6,2015120108,972
11.73,1023.04,8.11,7.21,7.48,86.63,97.5,87.38,12.96,7.12,10.45,14.45,0.82,2015120111,1300
12.46,1019.59,8.45,6.99,8.09,74.71,89.33,94.9,15.96,7.85,10.44,16.91,2.46,2015120114,2347
13.06,1019.08,8.79,7.08,8.1,75.08,98.65,85.33,16.53,6.64,12.06,15.77,1.94,2015120117,3449
12.07,1019.4,8.62,7.11,8.38,75.57,92.2,86.52,16.15,7.76,12.38,13.95,2.41,2015120120,2454
11.64,1019.02,8.54,7.32,8.08,78.09,92.37,80.34,15.66,8.11,12.9,13.18,1.7,2015120123,1707
11.64,1018.62,8.61,7.57,8.2,80.87,97.53,81.96,15.45,7.8,12.81,12.52,1.21,2015120202,936
11.87,1019.73,8.49,7.52,8.36,89.88,96.13,98.5,13.14,7.81,10.34,13.56,3.62,2015120205,1475
11.55,1021.54,8.18,7.47,7.66,93.29,99.84,99.32,11.96,7.24,8.9,12.6,4.4,2015120208,894
10.08,1022.55,7.29,6.86,6.09,91.01,96.57,88.97,10.59,6.53,7.22,11.58,4.32,2015120211,3833
9.86,1020.39,7.17,2.99,3.67,87.08,42.86,47.88,11.06,6.45,8.6,12.23,2.4,2015120214,5598
7.09,1022.09,6.25,0.84,4.44,72.98,12.25,68.38,11.55,6.23,6.26,11.94,3.86,2015120217,4503
5.89,1024.08,5.46,0.55,4.4,67.94,7.89,69.82,10.85,6.05,5.9,9.11,2.43,2015120220,3978
4.28,1025.68,4.59,0.54,3.93,63.73,9.43,67.51,9.25,3.64,4.77,7.73,2.22,2015120223,4994
2.26,1025.77,3.98,0.45,3.34,61.39,8.13,62.43,7.63,2.61,3.58,5.19,2.24,2015120302,5360
1.21,1025.64,3.65,0.57,1.92,59.91,11.88,36.34,7.14,0.89,3.18,4.39,1.48,2015120305,7451
4.24,1026.97,3.74,0.8,1.36,59.19,17.25,24.95,7.88,0.35,4.04,6.76,2.62,2015120308,5453
-2.13,1026.57,2.39,1.02,2.11,31.28,22.38,38.89,10.21,0.33,3.96,12.57,3.31,2015120311,15396
-3.6,1024.5,2.03,1.29,1.93,23.31,30.43,31.6,11.98,-0.37,5.66,13.62,4.71,2015120314,15491
-1.57,1026.05,2.25,1.03,1.74,27.38,23.9,29.25,11.02,-0.51,5.17,8.82,2.5,2015120317,17449
-1.05,1027.85,2.27,0.72,2.02,29.53,16.5,35.48,10.28,-0.5,4.57,7.17,2.6,2015120320,15348
-2.39,1029.45,2.46,0.6,1.76,38.14,14.3,35.32,7.49,-0.9,2.67,6.27,2.5,2015120323,12656
-3.58,1029.78,2.35,0.44,1.67,42.97,10.4,36.98,5.22,-0.73,1.25,4.99,2.82,2015120402,14510
-4.4,1030.84,1.97,0.49,1.34,39.23,11.05,32.76,3.83,-0.13,-0.23,2.66,1.97,2015120405,18020
-3.16,1032.07,1.97,0.49,1.21,38.37,11.31,30.31,3.72,-0.48,-0.48,5.03,1.61,2015120408,15836
-5.2,1032.44,1.95,0.46,1.31,34.76,10.15,31.34,5.47,0.05,-0.15,8.37,2.74,2015120411,16404
-4.82,1029.47,2.06,0.51,2,32.28,10.93,44.93,7.15,0.85,0.98,9.59,2.61,2015120414,16865
-1.77,1029.66,2.17,0.65,1.96,34.76,13.38,42.17,6.89,1.45,1.49,5.88,2.03,2015120417,14748
-1.11,1029.59,1.9,0.65,1.81,30.85,12.89,37.25,6.78,1.65,2.29,5.19,2.24,2015120420,12210
-1.43,1029.79,1.92,0.73,1.74,32.06,13.68,35.17,6.6,2.43,2.67,6.33,0.82,2015120423,10545
-0.05,1028.43,2.06,0.96,1.71,34.45,17.83,34.28,6.43,2.95,2.86,5.98,0.16,2015120502,12067
1.91,1027.54,2.17,1.76,1.8,35.92,36.04,35.85,6.39,1.39,2.76,6.24,0.76,2015120505,7852
-0.14,1029.64,3.04,3.54,2.7,61.14,79.25,62.7,3.78,-0.14,0.68,5.81,0.75,2015120508,6276
1.19,1029.48,3.87,4.32,3.56,88.29,93.28,84.92,1.94,0.48,0.33,4.16,1.05,2015120511,5490
2,1028.24,4.09,4.26,3.79,100.07,95.25,94.15,1.01,-0.08,-0.34,2.56,1.81,2015120514,4648
1.55,1029.23,3.97,4.37,3.85,99.92,97.5,97.58,0.58,-0.02,-0.62,1.8,2.16,2015120517,1044
1.16,1031.15,3.84,4.39,3.88,99.89,99.93,99.98,0.17,-0.33,-0.83,1.32,2.17,2015120520,902
0.72,1031.15,3.82,4.41,3.91,100,98.31,99.41,0.07,-0.05,-0.61,0.77,1.64,2015120523,323
0.5,1030.68,3.8,4.21,3.68,99.88,99.25,98.94,0.01,-0.79,-1.34,0.55,1.86,2015120602,NaN
0.66,1030.45,3.82,4.03,3.6,99.43,97.5,98.57,0.15,-1.13,-1.57,0.74,1.76,2015120605,3849
1.27,1031.89,3.91,3.73,3.74,96.01,88.5,97.28,0.97,-0.85,-0.9,1.65,1.02,2015120608,2801
2.68,1031.71,4.17,3.62,3.76,87.53,83.88,95.1,3.14,-0.56,-0.52,6.12,2.04,2015120611,5453
2.87,1029.11,4.3,3.42,4.06,76.23,74.8,99.3,5.48,0.28,-0.13,8.05,2.18,2015120614,6433
2.77,1029.68,4.28,3.18,4.1,72,67.63,98.46,6.23,0.67,0.19,7.62,1.4,2015120617,4459
3.23,1031.23,4.27,3.14,3.69,79.36,60.75,83.55,4.88,1.94,0.96,4.84,1.21,2015120620,4343
3.02,1031.41,4.22,2.77,3.95,78.05,48.76,89.3,5.09,3.29,0.97,3.97,1.34,2015120623,1120
2.46,1030.73,4.16,1.98,3.87,76.6,32.75,86,5.16,4.36,1.22,3.12,1.41,2015120702,1285
1.61,1029.97,4.11,1.74,3.55,76.08,28.65,72.72,5.15,4.35,2.31,1.91,1.5,2015120705,125
2.22,1032.03,4.13,1.65,3.64,83.08,26.62,74.63,3.84,4.6,2.27,2.78,0.72,2015120708,179
4.11,1032.97,4.5,1.77,3.8,79.09,30.02,76.38,5.68,3.97,2.59,8.93,1.04,2015120711,3399
4.8,1029.83,4.74,1.62,4.59,67.3,26.43,92.09,8.74,4.55,2.69,11.59,1.9,2015120714,4262
5.14,1030.18,4.97,1.49,4.79,68.55,23.04,92.52,9.19,5.3,3.21,8.93,1.89,2015120717,2311
4.76,1032.05,4.97,1.51,4.51,74.24,23.88,84.63,8.03,4.91,3.63,7.81,0.47,2015120720,2236
4.8,1032.56,5,1.61,4.47,75.93,25.18,84.9,7.72,5.22,3.34,6.62,1.07,2015120723,1271
4.28,1032.05,5.16,1.91,3.86,80.2,30.18,71.85,7.41,4.86,3.8,5.32,1.23,2015120802,553
3.74,1031.12,5.3,1.92,3.96,88.4,29.05,74.36,6.59,5.56,3.67,4.34,1.77,2015120805,116
4.96,1032.68,5.36,1.8,2.95,97.05,26.52,55.45,5.33,5.94,3.78,5.65,0.53,2015120808,81
6.46,1032.42,5.42,1.77,3,82.54,25.61,56.33,7.74,6.11,3.87,11.06,2.74,2015120811,1710
6.18,1030.06,5.31,1.75,5.22,67.82,26.02,95.49,10.29,5.94,4.05,12.81,3.55,2015120814,3659
6.21,1029.12,5.58,1.67,5.2,73.34,22.48,89.67,9.98,6.91,4.84,10.38,3.6,2015120817,9200
6.54,1030.08,5.69,1.74,5.3,76.22,23.84,84.83,9.7,7.01,5.88,9.06,2.9,2015120820,7910
6.27,1029.82,5.62,1.68,4.36,73.99,24.21,69.37,9.97,6.19,5.97,8.15,2.16,2015120823,4889
6.03,1027.91,5.63,2.59,4.82,74.55,35.98,72.71,9.97,6.66,6.75,7.61,2.21,2015120902,4388
6.31,1026.52,5.71,5.89,5.38,76.17,84.81,78.26,9.77,6.16,7.21,8.03,1.88,2015120905,4745
7.57,1026.46,5.96,6.74,6.03,80.69,93.29,82.86,9.6,6.73,8.07,9.07,1.17,2015120908,2189
9.1,1024.94,6.36,7.11,6.37,83.02,96.39,81.06,9.91,7.04,9.18,11.02,0.35,2015120911,2379
10.05,1022.37,6.96,7.34,6.8,87.91,99.69,83.59,10.46,6.97,9.72,11.36,0.38,2015120914,1597
10.24,1021.32,7.12,7.91,7.46,88.34,99.46,89.32,10.81,8.1,10.11,10.72,0.96,2015120917,1113
10.14,1021.5,7.2,8.14,7.84,92.66,99.4,94.52,10.29,8.55,9.96,10.38,0.51,2015120920,1149
9.97,1020.08,7.22,8.12,8.33,92.39,99.85,98.75,10.3,8.43,10.25,10.36,1.24,2015120923,1110
9.73,1018.7,7.14,8.06,8.26,91.62,99.95,99.95,10.38,8.32,9.94,10.38,1.32,2015121002,1337
9.57,1017.83,7.17,7.73,7.88,93.4,98.97,99.45,10.19,7.82,9.36,10.46,1.74,2015121005,3939
9.59,1018.23,7.21,7.57,6.76,93.95,99.09,87.97,10.01,7.49,8.86,10.51,2.5,2015121008,4098
9.82,1018.25,7.37,6.97,6.11,93.6,99.97,85.43,10.28,6.24,7.84,11.47,3.53,2015121011,8941
9.95,1016.78,7.36,6.59,6.38,88.58,99.98,96.83,11.1,5.42,6.58,11.96,3.08,2015121014,12596
9.28,1018.23,7.19,6.13,6.38,89.92,98.33,99.07,10.53,4.61,6.26,11.01,3.54,2015121017,3057
9.02,1019.98,6.95,6.04,6.54,87.45,99,99.85,10.51,4.28,6.57,10.93,3.75,2015121020,2216
8.52,1021.2,6.67,5.76,6.39,86.99,99,99.65,10,3.66,6.28,10.71,4.01,2015121023,1948
8.11,1021.32,6.55,5.01,6.16,87.75,92.63,99.75,9.57,2.64,5.72,10.4,3.35,2015121102,1917
8.25,1021.03,6.61,4.24,5.88,91.5,79,99.88,9.08,2.51,5.02,10.05,2.85,2015121105,1766
8.77,1023.1,6.72,4.44,5.72,92.27,90.88,98.3,9.2,1.15,4.85,10.46,2.97,2015121108,1590
7.94,1024.23,6.34,4.72,5.75,84.75,98.25,99,9.64,0.91,4.82,11.29,3.08,2015121111,2388
7.29,1023.02,6.2,4.69,5.57,85.75,98.63,97.35,9.04,0.95,4.55,10.49,3.27,2015121114,1826
6.61,1023.33,5.91,4.17,5.08,83.52,91.13,91.22,8.77,0.33,4.18,9.96,2.83,2015121117,1514
5.79,1024.41,5.56,4.17,4.93,85.38,94.38,99.25,7.57,-0.12,2.65,8.77,2.01,2015121120,1181
5.69,1025.18,5.29,3.75,4.54,82.88,87,97.63,7.26,-0.38,1.68,8.27,1.36,2015121123,1698
4.44,1024.9,4.95,3.04,4.3,85.63,61,91.88,5.82,1.59,1.86,6.35,2.17,2015121202,1593
2.44,1024.24,4.31,3.18,4.27,81.88,60.63,93.38,4.37,2.27,1.53,4.69,1.52,2015121205,1658
2.98,1025.24,4.28,3.81,4.2,81.25,77.13,90.63,4.5,1.52,1.69,5.57,1.4,2015121208,2703
2.9,1025.08,4.28,4.29,3.96,68.88,87.5,82,6.86,1.37,2.24,9.21,1.51,2015121211,4198
3.06,1022.2,4.39,4.76,4.17,61.38,90.5,82.38,8.91,2.31,2.86,10.8,1.96,2015121214,3679
3.98,1022.63,4.14,5.09,3.59,57.5,93,67.13,9.03,2.84,3.73,8.73,1.56,2015121217,3309
4.09,1023.55,4.11,5.44,3.22,60.5,91.75,55.25,8.11,3.98,4.86,7.54,1.6,2015121220,2655
4.5,1023.62,4.49,5.67,3.16,69.25,91.63,55.75,7.55,4.56,4.48,6.95,1.28,2015121223,2519
4.7,1023.01,4.79,6,3.86,75.75,95.25,64.63,7.14,4.76,5.15,7.1,1.22,2015121302,2483
4.64,1022.27,5,6.33,4.81,81.88,94.5,80,6.56,5.62,5.28,7.39,1.41,2015121305,1526
5.88,1023.25,5.44,6.52,5.2,91.13,97.38,90.63,6.26,5.6,4.63,7.35,2.06,2015121308,1268
6.28,1023.65,5.69,6.51,5.44,92.63,98.25,97.38,6.71,5.46,4.26,8.49,1.91,2015121311,770
6.18,1022.49,5.68,6.52,5.32,89.5,98.63,98.5,7.16,5.45,3.83,8.71,3.32,2015121314,1883
5.95,1023.69,5.44,6.24,4.89,92,99.5,93.5,6.1,4.68,3.37,7.43,2.61,2015121317,2506
5.63,1024.37,5.22,6.4,5.09,90.53,99.13,96.75,5.79,5.09,3.34,7,2.43,2015121320,1582
5.14,1025.02,4.96,6.29,4.72,87.93,98,93.9,5.47,4.97,2.76,6.75,2.65,2015121323,1485
4.48,1024.48,4.71,6.08,4.42,84.46,97.25,87.66,5.28,4.57,2.81,6.54,1.59,2015121402,1294
4.08,1023.91,4.56,5.75,3.83,81.63,97.88,78,5.35,3.7,2.38,6.47,2.46,2015121405,2403
4.26,1024.96,4.75,5.5,3.54,84,92.38,70.63,5.51,3.77,2.65,6.96,2.02,2015121408,2864
3,1024.81,4.53,5.41,2.99,74.13,93.25,60,6.62,3.62,2.62,8.73,3.3,2015121411,3031
2.23,1023.05,4.29,4.99,4.21,62.82,85.88,88.15,8.19,3.69,2,10.11,3.43,2015121414,4629
2.41,1023.65,4.2,4.05,4.05,61.54,72.88,80.09,8.26,2.94,2.75,8.45,1.74,2015121417,3040
2.24,1025.68,4.09,2.72,3.57,65.7,55.13,72.77,6.97,1.22,2.28,7.02,2.27,2015121420,2548
2.07,1025.78,3.91,2.75,3.14,64.5,54.13,66.5,6.6,1.65,1.94,5.5,2.11,2015121423,1985
1.46,1025.33,3.83,3.08,2.89,65.5,60.38,61.75,6.13,1.84,1.76,5.61,2.34,2015121502,2861
0.38,1025.18,3.67,2.97,2.54,65.75,67.88,55.5,5.37,-0.36,1.41,6.3,2.95,2015121505,2529
1.29,1026.82,3.58,2.88,2.73,62.88,70.38,60.13,5.63,-1.22,1.28,6.8,1.66,2015121508,1828
1.87,1027.05,3.74,2.48,3.58,57.63,60,78.63,7.57,-1.06,1.42,10.26,3.36,2015121511,2117
2.35,1024.6,3.95,2.77,3.87,52.88,71.5,74.5,9.57,-1.91,3.27,11.7,4.37,2015121514,2201
2.56,1025.49,4.12,3.17,3.88,56.5,86.13,74.5,9.22,-2.58,3.26,9.81,2.3,2015121517,2502
2.84,1027.08,3.93,1.89,3.62,59.75,51.88,75.5,7.83,-2.77,2.16,7,1.82,2015121520,5441
-1.24,1028.43,3.16,2.35,2.62,51.25,71.25,57.63,6.71,-3.86,1.36,7.59,3.54,2015121523,11549
-1.47,1028.93,3.07,2.55,2.59,54.13,81.5,61.88,5.66,-4.58,0.21,6.52,3.97,2015121602,4972
-4.94,1029.55,2.24,1,1.44,44.63,34.5,38.13,3.76,-5.51,-1.29,3.89,3.3,2015121605,4826
-3.76,1030.64,2.01,0.9,1.39,41.63,33.13,37.25,3.29,-6.45,-1.37,4.34,3.2,2015121608,5559
-7.14,1030.76,1.67,1.3,1.59,32.13,54.25,44.25,4.34,-7.78,-1.83,7.25,5.4,2015121611,9121
-7.37,1029.16,1.65,1.59,1.6,30.75,67,43,4.84,-7.83,-1.33,7.44,5.4,2015121614,9868
-8.05,1030.84,1.66,1.49,1.52,32.5,65.25,42.63,4.06,-8.36,-1.94,4.75,3.25,2015121617,17145
-6.81,1032.92,1.64,1.4,1.54,34.13,61.75,45,3.22,-8.47,-2.47,2.67,2.43,2015121620,16861
-7.32,1033.84,1.74,1.25,1.33,40.25,61.75,43.13,1.68,-9.66,-3.84,1.95,3.26,2015121623,15865
-9.72,1034.16,1.48,0.64,1.12,39.13,33.63,41.38,-0.11,-10.33,-5.41,0.55,3.86,2015121702,15075
-10.09,1034.53,1.36,0.39,1.03,38.75,21.25,41.38,-1.14,-10.6,-6.48,-0.9,2.95,2015121705,16316
-8,1036.25,1.33,0.29,0.9,39,16.13,36.75,-1.51,-10.77,-6.63,0.11,3.3,2015121708,16846
-10.4,1036.65,1.22,0.25,1.16,31.63,12.88,45.5,0.06,-9.55,-6.07,3.6,4.96,2015121711,16210
-8.9,1033.88,1.45,0.44,1.4,33.55,19.5,47.72,1.71,-8.11,-4.43,4.83,3.83,2015121714,18047
-6.67,1033.72,1.58,0.26,1.49,36.38,10.13,49.75,1.76,-6.92,-4.15,1.32,1.9,2015121717,16485
-5.27,1035.43,1.53,0.09,1.39,36.32,3.13,46.42,1.45,-4.51,-4.04,-0.41,2.58,2015121720,14666
-5.8,1035.21,1.55,0.05,1.34,38.25,1.5,46.25,0.92,-2.24,-4.5,1.31,1.07,2015121723,14352
-5.06,1034.08,1.61,0.06,1.39,41.63,1.38,49.88,0.51,-0.03,-5.02,0.33,1.06,2015121802,11076
-4.41,1034.56,1.65,0.05,1.41,43.75,1.13,52,0.09,-0.88,-5.29,-0.51,0.74,2015121805,9369
-4.18,1036.52,1.65,0.05,0.67,45.44,1.25,19.83,-0.61,-2.32,-2.97,-0.7,1.27,2015121808,8516
-5.73,1036.05,1.92,0.06,0.43,46.75,1.38,11.38,1.11,-0.16,-1.5,4.39,0.6,2015121811,8533
-5.17,1033.33,2.02,0.09,0.88,40.63,2.5,23.25,3.74,0.68,-0.68,6.48,1.04,2015121814,10166
-3.43,1033.47,2.19,0.11,0.6,43.98,2.5,15.2,3.61,0.72,0.5,2.23,2.29,2015121817,6167
-3.68,1034.67,2.11,0.09,0.93,41.71,1.67,22.46,3.74,0.7,1.11,1.16,2.61,2015121820,7968
-3.16,1035.09,2.76,0.12,2.27,57.63,2.5,54,3.32,0.82,0.38,1.96,1.36,2015121823,6462
-2.25,1034.28,3.49,0.29,2.58,73.13,5.75,61.13,3.19,1.25,0.39,0.77,1.36,2015121902,4580
-1.46,1034.01,3.73,0.66,2.88,78,13.38,67.5,3.22,1.33,0.55,0.45,1.16,2015121905,4733
-0.31,1034.48,3.75,1.1,3.15,78.5,22.5,68.63,3.22,1.42,1.54,0.92,0.73,2015121908,4145
3.3,1034.69,4.22,1.52,3.38,75.25,32.63,69.5,5.38,0.82,2.37,8.41,0.28,2015121911,4097
4.05,1030.83,4.62,1.42,3.87,71.75,26.38,75.25,7.43,2.27,3.05,9.34,2.64,2015121914,3606
4.76,1031.44,4.93,2.24,4.39,77.12,43.5,79.22,7.35,1.72,4.15,8.11,1.95,2015121917,3735
4.31,1031.13,4.74,2.89,4.41,72.05,51.13,74.13,7.85,3.26,5.18,7.23,1.78,2015121920,6249
4.73,1030.35,4.84,3.9,4.38,73.14,68.5,72.24,7.99,3.38,5.43,8.01,1.1,2015121923,1693
5.33,1029.37,4.96,4.09,4.28,75.74,72.75,68.25,7.8,3.16,5.92,6.87,0.8,2015122002,1080
4.91,1028.53,5.07,4.42,4.4,78.75,75.5,69.38,7.59,3.71,6.08,5.9,0.91,2015122005,838
6.28,1028.94,5.53,4.91,4.82,91.25,82.88,79.75,6.75,3.88,5.37,6.85,0.83,2015122008,979
7.49,1028.21,6.01,5.31,5.1,95.56,85.5,80.34,7.09,4.55,6.1,8.93,0.4,2015122011,1407
7.8,1025.39,6.26,5.55,5.27,93.41,86.5,79.96,8.06,5,6.65,9.55,0.92,2015122014,1864
7.87,1025.99,6.26,5.53,5.32,95.07,86,82.58,7.74,5.06,6.36,8.58,1.36,2015122017,1192
7.09,1027.36,5.92,5.55,5.37,95,83.88,85.23,6.97,5.43,6.01,7.79,1.98,2015122020,1238
5.5,1027.74,5.41,5.29,5.28,94.26,74.13,83.19,5.75,6.54,6.1,6.15,1.45,2015122023,1210
4.24,1028.09,5,5.32,5.34,94.81,74.16,92.7,4.56,6.63,4.71,4.83,1.4,2015122102,2370
3.68,1028.24,4.79,5.28,5.24,94.7,74.61,97.18,3.98,6.48,3.8,4.15,1.2,2015122105,1214
3.71,1029.72,4.6,5.46,5.01,96.31,77.19,96.4,3.13,6.39,3.25,4.49,0.98,2015122108,2483
4.54,1029.52,4.86,5.57,5.07,90.1,73.5,89.9,4.83,7.45,4.42,7.39,1.14,2015122111,2089
5.64,1026.69,5.31,5.64,5.34,80.88,73.63,83.88,7.67,7.58,6.06,9.97,1.36,2015122114,2170
5.45,1026.98,5.38,5.66,5.38,80.63,74.13,80.13,7.88,7.52,6.94,8.41,1.64,2015122117,1663
4.64,1027.47,5.16,5.78,6.13,83.51,70.88,80.17,6.85,8.49,8.8,5.95,1.9,2015122120,1403
4.53,1027.34,5.28,6.2,7.16,88.6,75.45,86.63,6.42,8.62,9.95,5.81,1.32,2015122123,1419
4.64,1026.38,5.39,7.21,7.78,87.59,84.54,88.49,6.87,9.15,10.83,5.37,0.75,2015122202,1338
4.37,1025.13,5.57,7.46,7.97,82.68,83.46,83.6,8.3,9.83,12.09,4.89,1.32,2015122205,1089
5.86,1024.81,6.19,7.83,8.17,82.72,86.01,75.67,9.82,10.09,13.95,7.35,1.06,2015122208,1386
9.94,1025.11,7.16,8.18,7.95,81.8,92.04,84.67,11.95,9.77,11.87,13.85,0.84,2015122211,2419
10.69,1022.61,7.71,8.24,7.88,82.01,93.99,85.93,13.01,9.56,11.48,14.22,1.63,2015122214,2249
11.07,1022.28,7.64,7.79,7.86,84.61,86.5,87.78,12.44,9.97,11.16,13.07,0.69,2015122217,1313
10.2,1022.98,7.5,8.1,7.93,89.57,90.88,88.23,11.41,9.85,11.14,11.09,0.93,2015122220,713
9.58,1022.91,7.35,7.6,7.83,93.05,84.38,94.12,10.54,9.95,9.97,10.22,1.72,2015122223,577
9.05,1022.5,6.98,7.73,7.69,94.67,94.89,98.17,9.48,8.48,9.11,9.99,2.45,2015122302,609
8.34,1022.37,6.64,7.79,7.36,95.73,96.23,96.83,8.54,8.34,8.7,9.36,2.79,2015122305,481
7.6,1024.29,6.28,6.95,6.68,94.99,97.29,92.92,7.79,6.5,7.85,8.74,1.77,2015122308,798
7.43,1024.18,6.25,6.83,6.04,91.88,97,86.13,8.19,6.42,7.54,9.9,2.23,2015122311,932
7.59,1021.97,6.26,6.75,5.94,84.88,94.25,84.75,9.4,6.55,7.54,11.02,2.19,2015122314,996
7.22,1021.98,6.18,6.41,5.93,84.45,90.63,84.81,9.28,6.4,7.52,10.19,2.06,2015122317,976
6.88,1022.32,6.01,6.6,5.96,88.63,91.75,85,8.18,6.61,7.52,8.78,1.82,2015122320,814
6.94,1021.73,6.08,7.02,6.14,92.32,94.78,90.16,7.77,7.17,7.11,8.6,1.24,2015122323,758
7.68,1021.33,6.26,7.25,6.37,95.18,98.65,98.33,7.74,6.99,6.37,8.48,1.69,2015122402,533
8.32,1021.38,6.58,7.08,6.29,99.74,99.75,99.93,7.78,6.49,5.93,8.71,1.58,2015122405,400
9.05,1022.37,6.85,6.87,6.42,100,97.85,99.24,8.35,6.29,6.38,9.28,1.64,2015122408,764
9,1023.16,6.89,6.36,6.11,99.16,97.83,99.16,8.51,5.25,5.67,9.83,2.88,2015122411,968
8.77,1022.04,6.71,5.75,5.85,97.59,97.45,98.55,8.39,3.84,5.14,9.55,3.43,2015122414,1271
8.33,1023.8,6.52,5.1,5.55,97.94,97.25,98.72,7.88,2.19,4.37,9.01,2.71,2015122417,2154
8.15,1025.68,6.44,4.59,4.98,98.09,100.01,92.51,7.69,0.3,3.69,8.78,3.02,2015122420,2147
7.61,1026.61,6.15,4.41,4.41,97.79,99.05,87.47,7.08,-0.12,2.79,8.28,2.88,2015122423,1778
7.36,1026.93,6.04,4.17,4.59,98.71,94.8,95.22,6.66,-0.3,2.23,7.92,2.96,2015122502,1196
6.83,1026.36,5.81,3.99,4.69,98.25,89.75,98.75,6.21,-0.1,1.94,7.43,2.42,2015122505,1531
6.84,1027.61,5.74,3.76,4.77,95.38,90.5,99.25,6.38,-1.06,2.11,7.85,2.21,2015122508,979
5.92,1027.47,5.37,3.54,4.73,85.25,88,97.5,7.09,-1.34,2.28,9.28,3.05,2015122511,1322
4.6,1025.08,4.99,3.02,4.55,70,72.25,86.75,8.92,-0.69,3.34,10.78,1.49,2015122514,5835
5.34,1024.74,5.06,2.18,4.28,68.75,50.38,76,9.46,-0.21,4.3,8.07,2.08,2015122517,3315
4.21,1024.93,5,0.94,4.3,69.88,19.63,77.25,9.08,0.83,4.22,5.69,2.4,2015122520,1744
3.32,1024.98,4.89,0.44,3.06,70.5,9,51.63,8.69,1.55,4.73,4.74,2.12,2015122523,2614
2.05,1024.35,4.93,0.38,1.86,74.76,7,30.25,8.11,2.18,5.44,3.06,2.46,2015122602,752
1.09,1023.23,4.96,0.42,1.79,79.25,7.88,29.75,7.28,1.73,5.27,1.44,2.38,2015122605,340
3.66,1024.69,4.91,0.39,1.48,86.25,6.75,25.63,6.06,2.22,4.86,4.11,2.44,2015122608,2884
5.1,1024.77,4.89,0.49,1.62,70.75,9.13,26.88,8.37,2.95,5.4,10.98,2.79,2015122611,6360
3.7,1022.04,4.29,0.52,3.24,50.5,9,51.76,11.48,3.95,5.78,13.41,1.84,2015122614,8301
4.7,1022.76,4.51,0.48,3.31,52.36,7.88,50.68,11.85,4.33,6.54,10.7,1.99,2015122617,7936
4.82,1023.38,4.65,0.65,2.77,59.58,10.25,40.04,10.69,5.07,7.47,7.14,2.39,2015122620,7079
3.59,1024.6,4.42,0.81,2.4,57.22,13.38,33.88,10.44,4.38,8.09,4.91,2.08,2015122623,6683
4.33,1024.83,4.23,0.88,2.22,55.07,14.88,30.49,10.27,3.87,8.21,6.24,1.35,2015122702,7170
4.19,1025.47,4.11,1.03,2.74,56.11,18.88,41.87,9.45,2.68,6.53,6.36,0.89,2015122705,7530
4.33,1028.1,4.14,1.47,3.45,60.08,29.75,57.88,8.47,1.2,5.25,7.67,1.67,2015122708,5965
5.02,1030.01,4.83,1.67,3.61,69.57,35.13,64,8.57,0.64,4.48,11.17,3.48,2015122711,3772
5.73,1028.69,5.11,2.19,4.67,69.73,49,88.04,9.37,-0.1,3.44,12.06,3.42,2015122714,2185
5.87,1031.08,5.32,3.71,4.9,76.76,93.75,94.43,8.61,-1.6,3.27,9.8,4.24,2015122717,3421
4.22,1034.01,4.92,3.53,4.51,84.88,93.63,99.72,5.85,-2.3,1.3,7.86,4.17,2015122720,5242
2.49,1035.44,4.35,2.96,4.13,83.93,85,99.5,4.26,-3.39,0.16,6.46,3.42,2015122723,5610
1.02,1035.65,3.88,1.86,3.64,81.41,55.13,91.13,3.04,-3.67,-0.4,5.17,2.37,2015122802,5883
0.68,1035.53,3.63,1.46,3.34,81.4,38.88,87.38,2.12,-2.2,-1.06,3.73,2.08,2015122805,7635
0.99,1037.13,3.56,1.32,3.26,81.26,31.88,87.25,1.88,-0.72,-1.27,4.18,2.33,2015122808,8746
0.43,1037.85,3.45,1.37,3.29,70.13,32.51,95,3.56,-0.63,-2.34,7.11,2.92,2015122811,7937
-0.33,1035.1,3.33,1.36,3.31,61.77,31.77,88.57,4.84,-0.04,-1.33,7.93,3.31,2015122814,6647
-1.76,1035.24,3.03,1.31,2.99,58.11,29.17,80.17,4.29,0.52,-1.48,6.07,3.16,2015122817,5756
-0.84,1036.51,2.94,1.44,2.84,60.13,32.65,78.56,3.37,-0.03,-1.79,3.58,1.72,2015122820,4997
0.05,1036.8,3.03,1.46,2.92,63.59,32.25,82.94,3.11,0.24,-2.12,2.92,1.6,2015122823,5294
-0.04,1035.46,3.3,1.27,2.74,73.18,24.92,78.79,2.37,1.85,-2.18,2.66,1.82,2015122902,4790
-0.05,1034.62,3.39,1.34,2.82,77.14,28,82.17,1.99,0.92,-2.31,1.98,1.63,2015122905,4377
0.82,1035.68,3.61,1.45,2.59,83.42,29.62,70.84,1.83,1.4,-1.38,2.94,0.57,2015122908,4433
1.43,1035.1,3.66,1.59,2.37,71.73,33.01,57,4.06,1.4,0.41,7.37,1.15,2015122911,4548
2.28,1031.11,3.88,1.55,3.68,62.38,31.38,84,6.95,1.81,0.9,9.6,1.22,2015122914,6053
2.86,1030.67,4.14,1.51,3.54,66.79,29.22,73.51,6.91,2.08,2.26,6.98,2.02,2015122917,4592
2.87,1031.47,4.38,1.42,3.25,78.09,27.25,60.66,5.5,2.32,3.76,4.31,2.09,2015122920,3584
3.45,1031.17,4.49,1.61,3.17,79.51,29.3,55.63,5.66,2.84,4.6,5.28,0.6,2015122923,3253
3.17,1030.42,4.45,1.89,3.25,77.62,35.13,56.91,5.92,2.71,4.61,3.78,1.08,2015123002,2669
2.16,1030.21,4.25,1.99,2.95,71.46,38.59,51.57,6.46,1.96,4.65,2.28,1.58,2015123005,2482
2.85,1031.08,4.22,1.92,3.19,72.28,37.16,58.62,6.15,2.02,3.94,3.24,1.35,2015123008,1968
4.42,1031.29,4.49,1.82,3.1,69.25,34.42,56.72,7.68,2.26,4.02,10.27,1,2015123011,3044
4.53,1028.97,4.52,1.77,4.42,58.5,33.5,80.75,10.21,2.43,3.97,12.57,1.38,2015123014,4815
4.43,1029.49,4.65,1.81,4.39,59.13,35.25,75.75,10.46,2.04,4.74,10.57,1.44,2015123017,4798
3.88,1031.27,4.54,1.27,3.69,61.46,26.4,62.76,9.61,0.98,5.1,6.28,2.59,2015123020,3855
2.44,1032.66,4.27,0.72,2.35,65.63,14.88,40.88,7.65,1.14,4.32,5.09,2.66,2015123023,3312
1.9,1033.18,4.07,0.51,2,71.88,10.5,38.75,5.61,1.41,2.9,4.13,2.74,2015123102,2883
0.98,1033.77,3.99,0.31,1.33,82,6.25,29,3.46,1.59,1.53,2.27,2.21,2015123105,1828
2,1036.19,4.03,0.3,2,86.5,6.38,49,2.85,0.56,-0.14,3.76,1.99,2015123108,1638
1.5,1036.86,3.64,0.43,2.35,68.5,9,58.38,4.71,1.15,-0.54,8.26,2.77,2015123111,2192
0.82,1034.29,3.42,0.54,3.32,55.88,11.25,77.63,6.68,1.11,0.48,9.82,2.54,2015123114,2961
0.55,1034.75,3.23,0.6,2.5,53.05,11.91,57.64,6.54,1.19,0.94,6.34,1.96,2015123117,3056
-0.22,1035.71,3.14,0.58,1.86,55.81,11.31,41.93,5.5,1.54,1.39,3.08,2.49,2015123120,2578
-0.02,1035.58,3.24,0.46,2.03,59.88,8.63,47.25,5.03,2.27,0.87,3.96,1.37,2015123123,2185
0.74,1033.87,3.8,0.35,1.58,76,6,33.75,3.87,3.43,2.02,2.95,1.61,2016010102,1750
0.86,1032.93,3.82,0.33,1.31,78.38,5.5,26.63,3.44,4.29,2.87,1.92,1.76,2016010105,1081
3.76,1025.32,4.05,4.7,4.37,50.73,70.52,57,10.86,5.61,8.9,7.42,2.15,2016010208,2326
6.22,1024.77,5.1,4.61,4.52,55.37,66.46,58.09,12.71,6.17,9.15,14.85,2.3,2016010211,3576
7.34,1021.51,5.58,4.86,5.18,50.64,65.85,65.24,15.52,7.01,9.35,17.07,1.85,2016010214,5628
8.2,1021.51,5.83,4.87,5.48,51.5,66.31,64.93,15.88,7,10.29,13.36,1.95,2016010217,7025
6.9,1022.07,5.75,5.04,5.48,53.78,69.88,62.72,15.26,6.69,10.75,10.76,1.77,2016010220,5030
6.52,1022.03,5.9,5.59,5.6,59.99,76.16,64.11,14.1,7.06,10.8,9.27,0.77,2016010223,4331
6.17,1020.77,5.99,6.29,5.71,66.79,82.43,63.67,12.53,7.56,11.16,7.65,0.81,2016010302,3666
6.87,1021.57,6.06,6.61,6.11,75.73,95.79,76.99,10.74,6.05,9.36,9.01,1.85,2016010305,3309
8.68,1022.4,6.54,7.08,6.54,77.08,97.37,76.16,11.68,6.81,10.48,10.15,1.2,2016010308,1905
11.24,1022.09,7.72,6.87,6.8,76.35,89.33,75.7,14.19,7.62,11.22,15.91,0.78,2016010311,3143
12.43,1019.3,8.24,6.8,7.78,66.82,86.19,85.99,17.3,7.93,11.29,18.59,0.45,2016010314,3947
12.7,1019.74,8.57,6.97,7.89,69.88,92.5,80.88,17.25,7.39,12.4,15.8,1.96,2016010317,3393
10.75,1020.95,8.35,6.65,7.92,76.5,80.04,79.13,15.45,8.7,12.92,12.01,2.07,2016010320,2317
10.11,1021.03,8.14,6.61,7.78,82.16,78.61,76.57,13.94,8.91,13.11,11.17,1.19,2016010323,2241
9.52,1020.32,8.02,7.38,7.79,88.8,90.95,75.87,12.65,8.51,13.25,9.85,0.87,2016010402,1806
9.1,1019.97,7.61,7.56,8,92.63,93.75,80.63,11.23,8.36,12.75,9.23,1.02,2016010405,587
10.15,1021.23,7.57,7.67,8.24,90.56,93.13,85.17,11.36,8.62,12.31,10.71,1.03,2016010408,485
11.52,1021.69,8.31,7.75,8.26,94.27,97.5,90.68,11.98,8.12,11.44,13.43,1.38,2016010411,593
11.67,1019.54,8.33,7.44,8.21,95.61,90.86,88.13,11.9,8.55,11.75,12.71,1.43,2016010414,447
11.68,1019.86,8.28,7.43,8.24,97.67,90.65,92.26,11.49,8.56,11.09,12.39,2.23,2016010417,527
11.66,1020.96,8.3,7.36,8.02,99.91,88.4,91.5,11.21,8.82,10.78,12.03,1.37,2016010420,1073
11.74,1020.58,8.28,6.6,8.06,99.96,76.48,91.77,11.2,9.27,10.85,12.05,0.63,2016010423,511
11.67,1018.8,8.27,7.46,8.28,99.95,83.19,88.54,11.19,9.89,11.79,11.79,1.21,2016010502,114
11.34,1018.39,8.11,8.47,8.47,100,96.5,94.75,10.86,9.5,11.08,11.41,1.83,2016010505,952
8.98,1022.53,6.91,7.38,6.3,99.76,99.84,100.08,8.49,7.04,5.95,9.54,5.77,2016010508,11600
6.91,1024.28,5.92,6.63,5.7,93.64,98.45,98.49,7.12,5.64,4.8,8.87,3.51,2016010511,4054
6.73,1022.27,5.9,6.22,5.29,87.94,97.23,99.58,7.98,4.89,3.48,9.68,3.4,2016010514,2822
7.24,1023.45,5.99,5.98,5.28,89.66,96.34,99.81,7.94,4.55,3.45,9.04,3.55,2016010517,1936
6.9,1025.25,5.83,5.65,5.25,91.75,98,99.5,7.21,3.52,3.45,8.35,3.09,2016010520,3177
6.88,1025.59,5.85,5.5,5.28,93.49,98.25,99.86,6.96,3.08,3.46,8.29,3.13,2016010523,1254
6.63,1024.35,5.76,5.56,5.42,93.19,97.59,100.02,6.78,3.32,3.82,8.01,3.14,2016010602,1970
6.18,1024.58,5.55,5.72,5.42,92.86,99.64,99.91,6.26,3.44,3.8,7.48,2.78,2016010605,2115
6.12,1027.47,5.43,5.69,5.09,93.86,99.77,99.76,5.81,3.31,2.91,7.36,2.46,2016010608,3222
5.5,1027.99,5.33,5.6,4.86,91.47,99.48,99.25,5.96,3.18,2.39,8.05,3.18,2016010611,3377
5.01,1026.11,5.24,5.41,4.74,86.25,97.88,98.25,6.55,2.9,2.17,8.53,2.61,2016010614,3813
4.77,1027.24,5.13,5.13,4.67,84.68,97.13,96.17,6.5,2.23,2.24,8.2,2.22,2016010617,3355
5.09,1028.87,5.08,4.58,4.37,85.07,96.23,89.98,6.3,0.79,2.34,7.8,1.9,2016010620,2806
5.03,1029.4,4.96,4.09,4.24,84.05,91.48,90.11,6.09,-0.04,1.91,7.35,1.62,2016010623,3163
5.06,1028.88,5.02,3.91,4.39,88.29,94.34,96.19,5.63,-1.05,1.42,6.95,1.78,2016010702,2944
5.2,1028.39,5.05,3.51,4.4,90.67,88.97,97.79,5.28,-1.72,1.23,6.38,1.17,2016010705,2142
5.54,1029.89,5.06,3.36,4.48,89.24,92.86,98.19,5.56,-2.9,1.4,7.25,1.63,2016010708,2441
4.75,1029.53,4.86,3.35,4.38,78.5,94.13,95.63,6.82,-2.9,1.41,9.37,1.82,2016010711,3222
3.77,1026.9,4.58,3.65,4.38,68.38,98,91.13,8.03,-2.5,2.06,10.03,1.66,2016010714,2861
3.91,1027.23,4.72,3.65,4.29,71.75,98.63,89,7.66,-2.57,2.11,9.01,2.73,2016010717,2773
3.68,1027.59,4.72,3.63,4.33,81.12,97,94.88,5.86,-2.31,1.44,7.29,3.08,2016010720,2280
3.65,1027.83,4.59,3.62,4.16,84.81,98.04,99.85,4.89,-2.51,0.21,6.54,2.89,2016010723,1405
2.87,1028.02,4.29,3.47,3.82,87.38,96.68,99.13,3.5,-2.91,-0.9,5,3.18,2016010802,1790
2,1027.69,4.06,3.46,3.36,88.98,94.64,89.98,2.53,-2.7,-1.28,4.26,2.35,2016010805,4912
2.1,1029.08,3.97,3.3,3.08,88.82,91.15,82.11,2.21,-2.84,-1.35,3.99,2.08,2016010808,3977
1.15,1029.34,3.72,3.05,3.41,74.57,85.59,94.89,3.71,-2.98,-1.95,6.71,2.55,2016010811,4143
0.22,1026.58,3.58,2.34,3.55,63.82,64.04,91.38,5.38,-2.59,-0.8,7.84,2.5,2016010814,3739
-0.32,1027.35,3.29,1.98,3.28,57.41,59.42,80.93,5.72,-3.56,-0.28,6.82,1.42,2016010817,3843
-1.8,1028.53,2.66,1.34,3.24,50.07,33.74,80.85,4.4,-1.61,-0.39,3.47,1.71,2016010820,2993
-2.7,1028.88,2.26,1.17,3.16,45.01,28.38,80.56,3.75,-1.21,-0.66,3.49,1.05,2016010823,2499
-2.02,1028.06,2.59,1.21,3.01,53.82,28.13,76.88,3.44,-0.5,-0.65,3.79,0.93,2016010902,1943
-1.11,1027.6,2.91,1.24,2.76,61.5,28.5,67.13,3.23,-0.37,0.04,2.9,0.62,2016010905,1278
0.85,1028.6,3.13,1.36,2.89,68.91,30.13,70.88,2.61,0.2,0.04,2.27,0.88,2016010908,970
-0.23,1028.19,3.22,1.35,2.49,57,28.25,55.38,5.43,1.22,1.25,8.17,1.91,2016010911,2605
0.83,1024.58,3.43,1.38,3.12,50.11,25.63,63.67,8.33,2.63,2.44,10.43,1.96,2016010914,3856
1.79,1024.85,3.79,1.43,3.17,56.3,26,59.72,8.05,2.96,3.67,8.43,2.69,2016010917,3375
2.67,1025.68,4.05,2.25,3.05,68.88,45,55.18,6.13,1.45,4.14,6.62,2.11,2016010920,2780
3.45,1025.43,4.28,3.97,3.27,73.63,77.19,57.88,5.99,1.96,4.32,6.8,1.2,2016010923,2386
4.34,1025.34,4.53,4.68,4.12,78,90.75,76.5,5.88,1.96,3.69,6.76,0.68,2016011002,966
4.84,1024.16,4.75,5.18,4.42,82.25,97.5,77,5.85,2.36,4.65,6.73,0.76,2016011005,896
5.46,1024.86,5.04,5.28,4.8,89.13,99.13,83.88,5.53,2.39,4.51,6.62,0.95,2016011008,1171
6.06,1025.09,5.51,5.44,5.07,92.88,99.63,87.13,6.19,2.75,4.78,8.05,1.24,2016011011,970
6.84,1022.1,5.84,5.75,5.28,89.63,99.38,89.38,7.56,3.56,5.03,9.24,1.71,2016011014,541
7.97,1022.95,6.21,5.82,5.68,90.63,99.5,98.13,8.32,3.7,4.74,9.33,1.45,2016011017,377
7.74,1023.26,6.23,5.78,5.78,93.88,98.5,98.69,7.9,3.77,4.95,8.63,2.02,2016011020,348
7.59,1023.39,6.25,5.51,5.78,96.13,97.75,99.75,7.6,3.13,4.73,8.43,2.29,2016011023,1278
7.05,1023.45,6.09,5.53,5.65,96,99.38,100,7.21,3,4.37,8.14,3.78,2016011102,2013
5.98,1022.78,5.59,5.23,5.02,93.38,99.13,99.25,6.32,2.19,2.8,7.25,3.55,2016011105,2514
6.08,1023.91,5.59,4.86,4.92,95,99.25,100,6.08,1.14,2.43,7.19,4.03,2016011108,1583
5.82,1024.9,5.36,4.5,4.55,93.75,99.88,100,5.68,0.05,1.36,7.2,3.66,2016011111,2303
5.55,1023.12,5.32,4.11,4.33,91.63,100,100,5.92,-1.22,0.65,7.4,3.76,2016011114,1056
4.82,1025.27,5.01,3.59,4.18,87.38,99.13,99.75,5.69,-2.88,0.2,6.81,4.07,2016011117,2224
3.7,1027.14,4.56,3.52,3.94,88,96.25,99.13,4.26,-2.7,-0.5,5.52,3.95,2016011120,2014
3.54,1028.42,4.6,3.39,3.88,97.25,96.38,99.38,2.96,-3.2,-0.7,4.75,4.31,2016011123,2717
2.65,1028.67,4.3,3.28,3.52,94.75,98.25,99.5,2.41,-3.84,-2.04,4.15,3.99,2016011202,4073
1.47,1029.04,3.95,3.22,3.12,93.25,97.25,93,1.49,-3.97,-2.72,3.31,3.45,2016011205,3393
1.48,1030.14,3.95,3.28,3.14,90.74,99.08,90.38,1.79,-3.92,-2.28,4.04,3.51,2016011208,7101
0.44,1030.5,3.62,3.14,3.2,80.75,97.13,97,2.24,-4.21,-2.93,4.83,3.8,2016011211,5322
-0.14,1028.04,3.53,2.92,3.28,76.5,91,98.63,2.64,-4.36,-2.86,4.98,3.34,2016011214,5029
-1.14,1028.31,3.4,2.79,3.14,74.88,91.25,96.25,2.38,-4.93,-3.1,4.23,3.13,2016011217,3758
-0.97,1029.55,3.35,2.75,2.93,81.38,88.75,89.13,1.05,-4.72,-3.06,2.7,2.35,2016011220,3605
-0.73,1029.86,3.28,2.65,2.92,81.24,87.68,92.12,0.78,-4.99,-3.42,2.22,1.61,2016011223,3161
-1.24,1029.25,3.19,2.49,2.78,81.3,81.2,88.26,0.36,-4.79,-3.53,1.24,1.94,2016011302,2814
-2.3,1028.84,2.89,2.32,2.63,79.46,74.26,89,-0.65,-4.66,-4.23,-0.6,1.6,2016011305,3556
-2.22,1029.92,2.87,2.23,2.73,78.42,71.88,92.57,-0.63,-4.73,-4.28,0.71,1.4,2016011308,4744
-1.74,1029.2,3.06,2.04,2.89,72.69,60.61,98.47,1.35,-3.62,-4.34,4.13,2.46,2016011311,4434
-1.13,1026.22,3.22,2.15,3.18,66.38,65.25,95.38,3.35,-3.84,-2.76,5.47,1.66,2016011314,4220
-1.37,1026.4,3.22,2.28,3.19,63.13,67.75,88.5,4.15,-3.69,-1.78,5.5,1.16,2016011317,4290
-1.23,1027.53,3.15,1.88,3.2,73.13,51.41,90.61,1.71,-2.75,-1.99,2.08,1.71,2016011320,3743
-1.82,1027.69,3.05,1.36,3.28,76.48,36.38,90.56,0.7,-2.32,-1.57,0.66,1.58,2016011323,3155
-1.37,1026.96,3.01,0.88,3.15,77.89,23.36,85.89,0.34,-2.25,-1.42,1.23,0.92,2016011402,3326
-1.2,1026.73,2.99,0.64,2.68,78.61,17.31,74.91,0.14,-2.49,-1.9,0.76,0.52,2016011405,2455
-0.38,1027.54,3.04,0.61,2.18,79.74,16.13,62.14,0.14,-2.18,-2.07,0.4,0.48,2016011408,1691
-0.66,1026.92,3.15,0.94,1.84,67.86,23.9,50.74,2.82,-1.77,-1.53,5.4,0.35,2016011411,4033
-0.77,1022.98,3.13,1.52,2.84,54.02,37.38,68.85,5.89,-1.08,-0.13,7.88,0.35,2016011414,4201
0.24,1022.99,3.3,2.01,3.1,54.36,46.63,68.91,6.46,-0.65,1.22,7.03,1.02,2016011417,3866
1.5,1023.54,3.6,2.9,3.38,63.75,74.57,75.26,5.49,-1.83,1.2,5.67,1.18,2016011420,2981
2.29,1023.81,4.02,3.16,3.73,76.22,85.13,85.76,4.58,-2.44,0.8,4.95,1,2016011423,2295
2.93,1022.38,4.2,2.54,3.86,80.16,70.63,85.89,4.5,-3.03,1.22,4.49,0.84,2016011502,1555
2.83,1021.13,4.25,1.61,3.54,82.31,46.31,80.95,4.36,-3.34,0.89,4.19,0.48,2016011505,1381
3.45,1022.3,4.26,1.94,2.56,82.8,55.58,59.42,4.33,-3.14,0.65,4.01,1.07,2016011508,1572
0,1022.5,3.53,2.33,3.07,57.88,62,70.13,6.63,-2.23,0.56,8.83,1.17,2016011511,5100
-0.39,1019.58,3.47,2.81,3.39,50.63,78.13,71.17,8.37,-2.82,2.11,10.16,0.39,2016011514,5716
1.66,1019.68,3.54,2.79,3.47,50.84,78.5,70.18,8.64,-2.87,2.65,8.33,1.25,2016011517,6121
0.25,1020.82,3.32,2.32,3.9,49.61,54,75.61,7.99,-0.56,3.11,5.52,2.14,2016011520,3677
-0.06,1021.06,3.3,1.93,4.1,55.42,43.41,82.85,6.48,0.32,2.78,4.45,1.43,2016011523,3897
-0.12,1021.25,3.3,1.72,3.84,57.36,38.04,78.32,5.78,0.53,2.71,3.37,1.57,2016011602,2921
0.56,1021.08,3.52,1.53,3.51,66,33.63,70.38,4.75,0.52,2.79,3.29,0.73,2016011605,2583
1.72,1021.84,3.74,1.26,3.33,74.62,26.38,67.53,3.75,1.35,2.7,2.7,0.75,2016011608,409
4.06,1021.37,4.54,1.47,3.7,70.17,28.4,71.77,7.5,2.08,3.08,9.47,1.37,2016011611,2515
4.79,1018.15,4.91,3,4.79,62.84,51.63,87.28,10.19,3.59,4.03,11.72,3.14,2016011614,3109
2.99,1017.67,4.67,4.75,4.84,67.15,87.88,83.13,8.43,2.69,4.94,8.62,3.73,2016011617,4355
2.75,1016.02,4.52,5.34,5.04,69.5,91.63,79.75,7.7,3.63,6.04,7.8,3.77,2016011620,4254
4.86,1016.13,5.12,5.74,5.34,81.49,99.75,84.69,7.2,3.46,6,7.47,1.82,2016011623,1715
5.64,1014.9,5.49,6.08,5.54,92.11,99.54,90.42,6.36,4.32,5.49,6.85,1.91,2016011702,696
6.07,1014.16,5.63,6.04,5.57,95,99.76,94.74,6.24,4.15,4.89,6.79,1.62,2016011705,999
5.39,1015.83,5.45,4.9,5.15,96.83,99.79,99.89,5.42,1.21,3.15,6.15,4.29,2016011708,1244
4.89,1017.93,5.12,4.12,4.31,93.18,99.8,99.95,5.09,-1.09,0.6,6.14,4.56,2016011711,2727
3.55,1016.78,4.67,3.77,4.11,81.25,97.38,97.88,5.69,-1.94,0.26,7.1,4.78,2016011714,5541
2.28,1017.87,4.4,3.12,4.08,73.25,87.75,95.13,6.36,-3.08,0.6,7.12,3.42,2016011717,3557
2.6,1019.66,4.37,2.69,3.53,76.88,77.75,77.63,5.63,-3.4,1.32,4.83,2.43,2016011720,3638
1.8,1020.65,4.07,2.33,3.14,73.13,67.68,67.3,5.39,-3.38,1.73,3.83,2.25,2016011723,4153
0.32,1020.72,3.9,2.33,3.25,74.88,64.88,75.25,4.3,-2.87,0.69,1.49,2.08,2016011802,3242
-0.18,1021.22,3.9,1.93,3.28,87.63,48.75,79.25,2.15,-1.6,0.1,0.81,2.05,2016011805,1657
1.25,1023.7,3.95,2.08,3.46,93.75,58.38,90.88,1.4,-3.01,-1.04,2.83,2.59,2016011808,1321
1.37,1024.82,3.94,1.58,3.53,80.5,43.63,98.63,3.46,-2.68,-1.79,5.65,3.35,2016011811,1306
0.05,1023.57,3.55,2.24,3.51,63.88,71.13,91,5.31,-4.56,-0.85,6.98,4.17,2016011814,1559
-0.77,1025.2,3.42,2.41,3.29,64.5,78.63,87.25,4.58,-4.84,-1.17,5.71,4.01,2016011817,1962
-1.63,1027.83,3.22,1.64,3.05,73.56,50.95,95,1.92,-4.23,-3.25,3.26,3.63,2016011820,1851
-3.02,1029.18,2.81,0.51,2.71,72,16.63,92.5,0.31,-5.02,-4.48,1.57,2.82,2016011823,2092
-4.19,1029.53,2.38,0.35,1.93,69.02,12.13,73.59,-1.38,-5.68,-5.7,-0.77,1.97,2016011902,3640
-5.44,1029.78,2.12,0.27,1.38,66.25,9.63,59.13,-2.22,-5.99,-6.65,-3.1,1.75,2016011905,3629
-4.32,1031.64,2.14,0.32,1.5,65.05,12.25,65.43,-1.98,-6.45,-6.92,-0.72,0.88,2016011908,2917
-5.81,1032.13,1.93,0.23,1.83,51.38,7.5,73.5,-0.11,-5,-6.18,3.1,1.72,2016011911,5790
-5.83,1029.14,1.99,0.51,1.93,45,17.5,64.42,2,-5.45,-4.13,4.91,2.69,2016011914,6490
-8,1030.25,1.72,0.63,1.61,39.63,20.63,53.88,1.71,-5.11,-4.22,3.02,2.9,2016011917,6881
-6.39,1031.69,1.78,0.28,1.31,46.13,8.13,46.5,0.15,-3.71,-4.81,-0.26,2.39,2016011920,6165
-6.14,1033.06,1.79,0.18,1.21,48.13,5.13,42.75,-0.51,-3.4,-5,-1.91,2.08,2016011923,6517
-5.37,1032.72,2.19,0.14,1.25,62.88,3.63,44.25,-1.21,-2.03,-4.84,-2.51,2.04,2016012002,5391
-4.78,1032.7,2.27,0.18,1.35,70.25,4.63,52.5,-2.24,-2.14,-5.76,-1.66,2.37,2016012005,5040
-5.49,1033.43,2.08,0.5,0.61,63.47,11.5,23.56,-2.2,-1.65,-5.81,-0.66,2.23,2016012008,9356
-3.13,1032.92,2.59,1.11,2.42,67.5,26.5,93.75,0.18,-1.64,-5.83,3.53,3.34,2016012011,8960
-2.29,1029.8,2.9,2.33,2.85,64.86,60.13,93.25,2.22,-1.91,-3.84,4.76,4.23,2016012014,8917
-1.48,1028.8,3.22,3.13,2.98,73,87.25,91.13,2.07,-2.98,-2.93,3.92,3.63,2016012017,8658
0.6,1028.89,3.66,3.16,3.18,90.67,96.13,96.25,0.81,-4.05,-2.88,2.35,2.66,2016012020,14119
0.67,1030.2,3.7,3.04,3.26,98.75,97,97.38,-0.22,-4.6,-2.77,1.1,3.13,2016012023,2634
0.21,1028.15,3.64,3.34,3.32,99.42,97.13,97.88,-0.63,-3.52,-2.58,0.8,3.35,2016012102,920
-0.03,1028.3,3.57,3.25,3.2,99.25,96.38,97.5,-0.83,-3.74,-3.06,0.66,3.39,2016012105,2426
0.05,1029.1,3.54,3.14,3.14,98.75,96.75,98,-0.87,-4.2,-3.27,0.69,3.54,2016012108,920
0.28,1029.72,3.63,2.99,3.05,96.63,95.88,98,-0.21,-4.72,-3.64,1.64,4,2016012111,1990
0.85,1027.52,3.74,2.9,3,97,96.25,97.5,0.15,-5.1,-3.79,1.66,3.36,2016012114,1878
1.04,1028.4,3.81,2.76,3.04,99.38,96,97.13,0.05,-5.65,-3.63,1.18,2.43,2016012117,1724
0.66,1029.67,3.73,2.75,3.14,99.38,97.75,98.5,-0.21,-5.88,-3.3,0.76,2.4,2016012120,1925
0.73,1030.39,3.72,2.75,3.2,99.88,97.38,97.63,-0.27,-5.88,-2.95,0.84,2.9,2016012123,1237
0.13,1028.94,3.53,2.84,3.21,94.13,92.88,95,-0.24,-4.94,-2.63,0.72,2.57,2016012202,2241
-0.48,1028.35,3.38,2.81,3.19,89.25,97.75,95.88,-0.09,-5.68,-2.85,0.98,3.15,2016012205,2565
-0.07,1030.15,3.45,2.75,3.18,90.38,97.63,97.63,0.01,-5.92,-3.08,1.19,2.99,2016012208,1370
1.01,1031.05,3.73,2.72,3.23,98.25,95.75,98.25,-0.09,-5.8,-2.94,1.45,3.13,2016012211,677
1.4,1028.81,3.87,2.69,3.19,99.38,99,97.63,0.25,-6.31,-3.07,1.59,3.77,2016012214,1062
1.07,1030.37,3.81,2.55,3.05,99.88,96.88,97.63,0.03,-6.71,-3.61,1.17,3.83,2016012217,1594
0.72,1033.55,3.67,2.5,2.93,99.25,97.13,97.38,-0.42,-6.95,-4.08,0.95,5.31,2016012220,1549
-0.21,1036.13,3.41,2.27,2.7,97.63,97.63,97.5,-1.2,-8.11,-5.12,0.69,6.07,2016012223,1276
-1.27,1036.79,3.11,1.93,2.4,94.75,92.75,94.13,-1.97,-9.41,-6.03,-0.03,5.67,2016012302,1676
-2.85,1036.61,2.84,1.59,2.09,93.25,82.25,87.25,-2.91,-10.15,-6.77,-1.31,4.34,2016012305,3024
-2.81,1038.73,2.75,1.6,2.14,91,96.88,99.38,-3.01,-11.9,-8.11,-0.83,4.62,2016012308,2518
-8.54,1041.23,1.76,1.15,1.6,67.38,84.38,93.63,-4.87,-13.96,-10.57,-1.39,6.67,2016012311,10446
-13.68,1037.78,1.01,0.88,0.99,34.88,77.13,53,-3.57,-15.68,-9.64,0.01,6.34,2016012314,20386
-14.2,1037.47,1.04,0.71,1,35.63,57.38,52.5,-3.57,-14.81,-9.48,-1.4,4.04,2016012317,14109
-12.37,1040.5,1.13,0.79,1,44.5,72.75,58.13,-5.18,-16.29,-10.53,-3.75,2.73,2016012320,10977
-14.09,1041.28,1,0.76,0.89,39.38,70.88,52.25,-5.21,-16.57,-10.71,-3.72,3.73,2016012323,10875
-15.74,1039.37,0.86,0.44,0.65,34.25,43,39.63,-5.39,-17.09,-11.13,-3.82,4.37,2016012402,11563
-17.7,1039.97,0.71,0.52,0.65,31.5,58.88,45.5,-6.49,-18.4,-12.35,-4.7,5.24,2016012405,13789
-20.78,1043.23,0.57,0.34,0.48,30.88,42.88,41.63,-9.08,-19.79,-14.88,-6.15,6.39,2016012408,11137
-19.73,1043.94,0.5,0.43,0.48,26.25,59.5,40.25,-8.53,-20.53,-14.53,-4.27,8.09,2016012411,11764
-18.83,1040.44,0.56,0.51,0.54,25.71,62,39.38,-7.05,-19.2,-13.06,-3.16,8.04,2016012414,19159
-19.33,1040.97,0.64,0.38,0.62,28.47,39.5,43.75,-6.71,-17.7,-12.63,-4.34,5.62,2016012417,18364
-18.29,1042.74,0.68,0.21,0.61,32.75,15.5,44.5,-7.52,-13.95,-13.1,-5.88,2.8,2016012420,17113
-15.82,1042.74,0.71,0.38,0.53,33.5,23.75,35.38,-7.31,-12.17,-12.03,-6.87,1.76,2016012423,17571
-15.47,1041.43,0.71,0.39,0.54,32.25,23.5,33.25,-6.85,-11.85,-11.23,-5.5,0.95,2016012502,18034
-15.23,1039.12,0.7,0.34,0.43,31,18.38,23,-6.57,-10.81,-9.51,-5.36,0.65,2016012505,17806
-16.1,1040.18,0.71,0.31,0.39,33.38,16.13,19.5,-7.19,-10.06,-8.56,-4.97,1.98,2016012508,14677
-14.98,1039.71,0.83,0.28,0.36,28.63,12.38,15.5,-3.44,-8.82,-7.17,0.31,2.94,2016012511,20158
-13.19,1035.26,0.96,0.23,0.93,25.13,10,36.5,0.18,-7.62,-5.93,3.35,2.03,2016012514,18657
-12.78,1034.18,1.03,0.24,0.96,24.38,9.75,32.38,1.35,-6.64,-4.34,2.4,0.63,2016012517,19069
-12.82,1035.1,1.05,0.19,0.86,26.38,6.38,28.25,0.58,-4.98,-4.19,-1.93,0.74,2016012520,14450
-10.37,1035.23,1.09,0.17,0.76,29,5.25,24.45,0.05,-4.34,-3.6,-4.28,1.64,2016012523,10335
-9.79,1034.22,1.22,0.15,0.64,33.13,4.63,19.63,-0.32,-4.46,-2.78,-4.66,1.54,2016012602,12568
-9.53,1033.08,1.32,0.15,0.65,36.25,4.63,19.38,-0.74,-3.7,-2.46,-4.46,1.38,2016012605,10218
-8.49,1034.14,1.42,0.13,0.61,42.38,3.5,17.5,-1.41,-1.79,-2.23,-2.64,1.6,2016012608,9780
-7.61,1034.03,1.68,0.16,0.58,41.1,3.88,16.18,0.92,-1.07,-1.93,4.14,1.22,2016012611,11001
-6.84,1029.72,1.76,0.18,1.37,33.66,4.5,35.55,4.32,-0.36,-1.31,6.76,0.83,2016012614,20953
-2.92,1030.44,1.95,0.24,1.58,36.9,5.63,37.75,4.77,-0.32,0.08,3.29,2.05,2016012617,13835
-4.12,1030.87,2.05,0.49,1.37,41.14,11,31.63,4.1,0.21,1.33,0.8,2.07,2016012620,6429
-3.36,1030.52,1.96,0.88,1.23,40,19,26.5,4.07,0.55,2.16,0.75,0.79,2016012623,6502
-2.87,1029.26,1.94,1.39,1.49,39,28.5,29.38,4.37,1.15,3.12,0.42,0.87,2016012702,8709
-2.53,1028.02,2.02,2.23,1.89,39.3,48.25,37.25,4.28,0.35,3,0.97,0.45,2016012705,8907
-1.53,1029.43,2.89,4.3,3.74,62.75,86.75,73.98,2.81,1.4,2.85,2.36,1.44,2016012708,7704
1.23,1029.99,3.81,5.18,4.34,82.84,92.75,79.9,2.62,3.05,3.86,4.51,0.52,2016012711,6757
3.01,1026.9,4.46,5.96,4.85,88.93,97.84,81.05,3.83,4.29,5.14,5.47,0.88,2016012714,5914
3.81,1026.55,4.69,6.34,5.66,93.03,93.2,87.81,4,5.89,6.29,5.29,1.4,2016012717,2095
2.78,1027.76,4.27,6.36,5.99,93.77,85.25,89.05,2.55,7.2,6.69,3.27,0.79,2016012720,1359
2.75,1027.14,4.36,6.7,6.7,95.77,86.32,92.16,2.58,7.81,8,3.14,0.26,2016012723,1635
3.13,1025.63,4.45,6.87,7.55,95.47,83.66,95.89,3.03,8.63,9.2,3.46,0.73,2016012802,1059
3.13,1022.86,4.58,7.11,7.74,95.16,81.19,88,3.46,9.57,10.87,3.47,0.83,2016012805,1207
3.04,1022.97,4.78,7.77,7.53,96.06,85.79,86.75,3.89,10.02,10.72,3.48,0.3,2016012808,1283
4.74,1023.5,5.06,8.21,6.62,96.32,98.32,88.35,4.57,8.86,8.42,5.49,0.87,2016012811,1580
5.63,1021.17,5.54,8.02,6.99,97.27,98.03,86.28,5.6,8.53,9.62,6.41,1.39,2016012814,2309
5.79,1021.81,5.61,7.84,6.66,97.64,95.81,88.67,5.74,8.58,8.51,6.29,1.28,2016012817,1240
5.07,1022.91,5.34,7.25,6.44,99.51,96.5,91.75,4.84,7.22,7.41,5.33,1.77,2016012820,1457
4.98,1022.76,5.25,6.91,6.37,99.57,90.25,92.17,4.56,7.53,7.16,5.14,1.17,2016012823,2457
4.93,1022.54,5.24,7.07,6.27,99.15,98.13,93.44,4.62,6.68,6.72,5.09,1.34,2016012902,1555
4.99,1022.04,5.28,6.74,6.02,99.56,97.62,95.91,4.67,6.03,5.83,5.14,1.67,2016012905,3067
4.92,1024.01,5.15,6.34,5.17,99.88,97.75,98.88,4.27,5.01,3.27,5.05,3.02,2016012908,8819
4.11,1025.33,4.91,5.74,4.46,99.87,97.78,99.91,3.53,3.65,1.08,4.79,4.21,2016012911,4337
2.96,1024.22,4.56,5.47,4.27,99.06,98.39,99.84,2.55,3,0.52,4.07,4.17,2016012914,4868
2.34,1026.25,4.36,4.59,4,98.05,97.89,99.37,2.08,0.56,-0.34,3.63,3.87,2016012917,3636
2.05,1027.45,4.22,4.34,3.67,92.68,96.08,97.5,2.43,0.15,-1.12,3.66,2.89,2016012920,3936
1.61,1027.94,4.04,4.16,3.46,89.88,91.5,95,2.28,0.15,-1.6,3.61,2.58,2016012923,3848
1.19,1028.01,3.96,3.93,3.53,91.35,93.18,98.25,1.78,-0.87,-1.81,3.03,2.85,2016013002,3749
0.66,1026.94,3.85,4.07,3.57,92.89,87.76,97.65,1.1,0.51,-1.58,2.49,2.78,2016013005,1879
1.1,1028.74,3.89,4.03,3.56,98.48,93.5,99.5,0.45,-0.49,-1.82,2.05,2.46,2016013008,1429
1.27,1030.37,3.88,3.91,3.42,95.65,96.88,98.26,0.82,-1.41,-2.2,3.11,2.92,2016013011,1931
0.93,1028.6,3.77,3.69,3.43,80,94.29,99.42,2.93,-1.79,-2.39,5.35,3.16,2016013014,4069
-0.06,1029.51,3.57,3.64,3.41,72.5,85,98.5,3.51,-0.62,-2.33,5.5,2.14,2016013017,6409
0.21,1030.67,3.61,3.74,3.56,78.67,78.5,99.11,2.63,0.8,-1.78,2.29,2.03,2016013020,4469
-0.17,1031.53,3.46,3.61,3.41,79.13,79.13,98.75,1.94,0.21,-2.34,2.73,2.33,2016013023,4430
-0.11,1033.06,3.52,3.52,3.28,85.75,82.25,99.13,1.02,-0.62,-2.94,2.3,1.47,2016013102,5165
-0.84,1030.62,3.41,3.64,3.14,89.74,75.75,99.63,-0.1,0.97,-3.54,0.94,2.88,2016013105,4710
-0.92,1033.08,3.34,3.61,2.97,91.31,85.75,99.17,-0.61,-0.81,-4.1,1.39,1.55,2016013108,4413
-0.53,1032.23,3.32,3.26,3.02,76.68,81.19,97.82,1.7,-1.49,-3.78,4.98,3.25,2016013111,3660
-1.2,1029.94,3.25,3.01,3.19,68.76,79.44,97.74,2.91,-2.36,-3.09,5.41,4.06,2016013114,3322
0.89,1030.97,3.79,2.88,3.22,93.11,92.94,99.17,0.88,-4.84,-3.21,2.96,2.98,2016013117,855
0.53,1033.2,3.6,2.68,2.9,99.4,95.77,96.87,-0.72,-5.96,-4.12,0.84,4.23,2016013120,928
